"Species","MaxT","MinT","lng","lat","Site"
"Hesperocyon_gregarius",37,33.9,-107.099998,43.200001,16891
"Hesperocyon_gregarius",37,33.9,-107.099998,43.200001,16898
"Hesperocyon_gregarius",37,33.9,-103.099998,42.799999,16918
"Hesperocyon_gregarius",37,33.9,-109.883331,49.566666,16919
"Hesperocyon_gregarius",37,33.9,-112.099998,46.599998,16924
"Hesperocyon_gregarius",37,33.9,-111.300003,46.099998,16925
"Hesperocyon_gregarius",37,33.9,-103.800003,42.400002,16929
"Hesperocyon_gregarius",37,33.9,-103.400002,42.799999,16930
"Hesperocyon_gregarius",37,33.9,-104.5,43,16932
"Hesperocyon_gregarius",37,33.9,-105.199997,42.900002,16943
"Hesperocyon_gregarius",37,33.9,-112,46,16959
"Hesperocyon_gregarius",37,33.9,-107.099998,43.200001,16961
"Hesperocyon_gregarius",37,33.9,-107.099998,43.200001,16962
"Hesperocyon_gregarius",37,33.9,-107.099998,43.200001,16963
"Hesperocyon_gregarius",37,33.9,-107.099998,43.200001,16964
"Hesperocyon_gregarius",37,33.9,-104.5,43,16974
"Hesperocyon_gregarius",37,33.9,-103.099998,40.799999,16977
"Hesperocyon_gregarius",37,33.9,-103.800003,42.400002,16985
"Hesperocyon_gregarius",37,33.9,-112,46,16988
"Hesperocyon_gregarius",37,33.9,-103.800003,42.400002,16995
"Hesperocyon_gregarius",37,33.9,-112,46,16997
"Hesperocyon_gregarius",37,33.9,-104.5,43,16998
"Hesperocyon_gregarius",37,33.9,-103.099998,42.799999,17003
"Hesperocyon_gregarius",37,33.9,-102.5,43.299999,17006
"Hesperocyon_gregarius",37,33.9,-102.5,43.299999,17007
"Hesperocyon_gregarius",37,33.9,-112.253304,45.896999,17010
"Hesperocyon_gregarius",37,33.9,-104.5,43,17017
"Hesperocyon_gregarius",37,33.9,-104.5,43,17022
"Hesperocyon_gregarius",37,33.9,-104.5,43,17024
"Hesperocyon_gregarius",37,33.9,-103.800003,42.400002,17025
"Hesperocyon_gregarius",37,33.9,-111,45.700001,17028
"Hesperocyon_gregarius",37,33.9,-103.800003,42.400002,17038
"Hesperocyon_gregarius",37,33.9,-102.800003,46.900002,17042
"Hesperocyon_gregarius",37,33.9,-104.5,43,17044
"Hesperocyon_gregarius",37,33.9,-111,45.700001,17027
"Hesperocyon_gregarius",37,33.9,-111.855003,44.904167,230861
"Hesperocyon_gregarius",37,31.8,-103.648888,42.753613,230806
"Otarocyon_macdonaldi",37,31.8,-103.648888,42.753613,230806
"Hesperocyon_coloradensis",33.9,31.8,-103.099998,40.799999,17082
"Hesperocyon_coloradensis",33.9,31.8,-103.099998,40.799999,17083
"Hesperocyon_gregarius",33.9,31.8,-103.099998,42.799999,17046
"Hesperocyon_gregarius",33.9,31.8,-103.099998,42.799999,17047
"Hesperocyon_gregarius",33.9,31.8,-103.800003,42.400002,17048
"Hesperocyon_gregarius",33.9,31.8,-103.800003,42.400002,17049
"Hesperocyon_gregarius",33.9,31.8,-103.800003,42.400002,17050
"Hesperocyon_gregarius",33.9,31.8,-103.800003,42.400002,17052
"Hesperocyon_gregarius",33.9,31.8,-104.5,43,17054
"Hesperocyon_gregarius",33.9,31.8,-103.099998,42.799999,17062
"Hesperocyon_gregarius",33.9,31.8,-104.5,43,17073
"Hesperocyon_gregarius",33.9,31.8,-112.099998,46.599998,17074
"Hesperocyon_gregarius",33.9,31.8,-103.800003,42.400002,17080
"Hesperocyon_gregarius",33.9,31.8,-103.099998,40.799999,17081
"Hesperocyon_gregarius",33.9,31.8,-103.099998,40.799999,17082
"Hesperocyon_gregarius",33.9,31.8,-104.5,43,17087
"Hesperocyon_gregarius",33.9,31.8,-112.800003,45,17090
"Hesperocyon_gregarius",33.9,31.8,-102.5,43.299999,17092
"Hesperocyon_gregarius",33.9,31.8,-102.5,43.299999,17094
"Hesperocyon_gregarius",33.9,31.8,-103.099998,42.799999,17096
"Hesperocyon_gregarius",33.9,31.8,-103.099998,42.799999,17098
"Hesperocyon_gregarius",33.9,31.8,-104.5,43,17099
"Hesperocyon_gregarius",33.9,31.8,-102.800003,46.900002,17101
"Hesperocyon_gregarius",33.9,31.8,-105.199997,42.900002,17104
"Hesperocyon_gregarius",33.9,31.8,-105.199997,42.900002,17106
"Hesperocyon_gregarius",33.9,31.8,-103.800003,42.400002,17107
"Hesperocyon_gregarius",33.9,31.8,-103.800003,42.400002,17108
"Hesperocyon_gregarius",33.9,31.8,-108.800003,49.599998,17111
"Hesperocyon_gregarius",33.9,31.8,-103.800003,42.400002,17112
"Hesperocyon_gregarius",33.9,31.8,-103.800003,42.400002,17114
"Hesperocyon_gregarius",33.9,31.8,-104.199997,42,17117
"Hesperocyon_gregarius",33.9,31.8,-104.5,43,17118
"Hesperocyon_gregarius",33.9,31.8,-104.5,43,17123
"Hesperocyon_gregarius",33.9,31.8,-102.800003,46.900002,17125
"Hesperocyon_gregarius",33.9,31.8,-104.5,43,17126
"Hesperocyon_gregarius",33.9,31.8,-102.800003,46.900002,17128
"Hesperocyon_gregarius",33.9,31.8,-103.800003,41.799999,17135
"Hesperocyon_gregarius",33.9,31.8,-112.800003,45,17138
"Hesperocyon_gregarius",33.9,31.8,-102.800003,46.900002,17139
"Hesperocyon_gregarius",33.9,31.8,-102.400002,43.900002,17143
"Hesperocyon_gregarius",33.9,31.8,-104.5,43,17149
"Hesperocyon_gregarius",33.9,31.8,-103.099998,42.799999,17155
"Hesperocyon_gregarius",33.9,31.8,-103.800003,42.400002,17159
"Hesperocyon_gregarius",33.9,31.8,-102.5,43.299999,17162
"Hesperocyon_gregarius",33.9,31.8,-103.099998,42.799999,17164
"Hesperocyon_gregarius",33.9,31.8,-104.5,43,17167
"Hesperocyon_gregarius",33.9,31.8,-103.800003,42.400002,17168
"Hesperocyon_gregarius",33.9,31.8,-102.5,43.299999,17169
"Hesperocyon_gregarius",33.9,31.8,-104.5,43,17172
"Hesperocyon_gregarius",33.9,31.8,-103.800003,42.400002,17176
"Hesperocyon_gregarius",33.9,31.8,-103.099998,42.799999,17177
"Hesperocyon_gregarius",33.9,31.8,-102.5,43.299999,17181
"Hesperocyon_gregarius",33.9,31.8,-105.199997,42.900002,17185
"Hesperocyon_gregarius",33.9,31.8,-102.5,43.299999,17192
"Hesperocyon_gregarius",33.9,31.8,-104.5,43,17193
"Hesperocyon_gregarius",33.9,31.8,-104.5,43,17194
"Hesperocyon_gregarius",33.9,31.8,-104.5,43,17196
"Hesperocyon_gregarius",33.9,31.8,-103.800003,41.799999,17201
"Hesperocyon_gregarius",33.9,31.8,-103.800003,42.400002,17203
"Hesperocyon_gregarius",33.9,31.8,-103.800003,42.400002,17204
"Hesperocyon_gregarius",33.9,31.8,-103.800003,42.400002,17205
"Hesperocyon_gregarius",33.9,31.8,-103.800003,42.400002,17206
"Hesperocyon_gregarius",33.9,31.8,-103.800003,42.400002,17207
"Hesperocyon_gregarius",33.9,31.8,-103.800003,42.400002,17211
"Hesperocyon_gregarius",33.9,31.8,-103.800003,42.400002,17212
"Hesperocyon_gregarius",33.9,31.8,-103.800003,42.400002,17216
"Hesperocyon_gregarius",33.9,31.8,-103.800003,42.400002,17220
"Hesperocyon_gregarius",33.9,31.8,-103.800003,42.400002,17221
"Hesperocyon_gregarius",33.9,31.8,-103.800003,42.400002,17231
"Hesperocyon_gregarius",33.9,31.8,-103.800003,42.400002,17232
"Hesperocyon_gregarius",33.9,31.8,-103.800003,42.400002,17235
"Hesperocyon_gregarius",33.9,31.8,-103.800003,42.400002,17237
"Hesperocyon_gregarius",33.9,31.8,-103.800003,42.400002,17241
"Hesperocyon_gregarius",33.9,31.8,-103.800003,42.400002,17247
"Hesperocyon_gregarius",33.9,31.8,-103.800003,42.400002,17248
"Hesperocyon_gregarius",33.9,31.8,-103.800003,42.400002,17257
"Hesperocyon_gregarius",33.9,31.8,-103.800003,42.400002,17260
"Hesperocyon_gregarius",33.9,31.8,-103.800003,42.400002,17265
"Hesperocyon_gregarius",33.9,31.8,-103.800003,42.400002,17271
"Hesperocyon_gregarius",33.9,31.8,-103.800003,42.400002,17273
"Hesperocyon_gregarius",33.9,31.8,-103.800003,42.400002,17286
"Hesperocyon_gregarius",33.9,31.8,-103.800003,42.400002,17287
"Hesperocyon_gregarius",33.9,31.8,-103.800003,42.400002,17289
"Hesperocyon_gregarius",33.9,31.8,-103.800003,42.400002,17290
"Hesperocyon_gregarius",33.9,31.8,-103.800003,42.400002,17292
"Hesperocyon_gregarius",33.9,31.8,-103.300003,46.400002,17301
"Hesperocyon_gregarius",33.9,31.8,-104.5,43,17303
"Hesperocyon_gregarius",33.9,31.8,-102.179443,43.908333,163487
"Mesocyon_temnodon",33.9,31.8,-102.5,43.299999,17097
"Osbornodon_renjiei",33.9,31.8,-102.800003,46.900002,17101
"Osbornodon_renjiei",33.9,31.8,-101.941887,43.749153,224881
"Otarocyon_macdonaldi",33.9,31.8,-112.099998,46.599998,17091
"Otarocyon_macdonaldi",33.9,31.8,-102.400002,43.900002,17195
"Archaeocyon_leptodus",31.8,29.5,-104.199997,42,17335
"Archaeocyon_leptodus",31.8,29.5,-103.800003,42.400002,17377
"Archaeocyon_pavidus",31.8,29.5,-103.800003,42.400002,17305
"Archaeocyon_pavidus",31.8,29.5,-101.900002,43.5,17317
"Archaeocyon_pavidus",31.8,29.5,-103.099998,42.799999,17325
"Archaeocyon_pavidus",31.8,29.5,-119.616669,44.599998,17349
"Archaeocyon_pavidus",31.8,29.5,-103.199997,43.200001,17356
"Archaeocyon_pavidus",31.8,29.5,-103.099998,41.700001,17374
"Archaeocyon_pavidus",31.8,29.5,-102.400002,43.900002,17380
"Cynodesmus_thooides",31.8,29.5,-101.900002,43.5,17315
"Cynodesmus_thooides",31.8,29.5,-103.099998,41.700001,17323
"Cynodesmus_thooides",31.8,29.5,-101.900002,43.5,17339
"Cynodesmus_thooides",31.8,29.5,-102.5,43.299999,17342
"Cynodesmus_thooides",31.8,29.5,-102.5,43.299999,17343
"Cynodesmus_thooides",31.8,29.5,-102.5,43.299999,17345
"Cynodesmus_thooides",31.8,29.5,-102.5,43.299999,17429
"Cynodesmus_thooides",31.8,29.5,-101.900002,43.5,17431
"Ectopocynus_antiquus",31.8,29.5,-101.900002,43.5,17339
"Hesperocyon_gregarius",31.8,29.5,-102.5,42.700001,17310
"Hesperocyon_gregarius",31.8,29.5,-103.099998,42.799999,17325
"Hesperocyon_gregarius",31.8,29.5,-102.5,43.299999,17344
"Hesperocyon_gregarius",31.8,29.5,-103.800003,42.400002,17368
"Hesperocyon_gregarius",31.8,29.5,-103.099998,41.700001,17374
"Hesperocyon_gregarius",31.8,29.5,-103.800003,42.400002,17405
"Hesperocyon_gregarius",31.8,29.5,-103.300003,46.400002,17432
"Mesocyon_temnodon",31.8,29.5,-102.400002,43.900002,17309
"Mesocyon_temnodon",31.8,29.5,-102.5,43.299999,17314
"Mesocyon_temnodon",31.8,29.5,-101.900002,43.5,17315
"Mesocyon_temnodon",31.8,29.5,-103.099998,41.700001,17322
"Mesocyon_temnodon",31.8,29.5,-102.400002,41.400002,17333
"Mesocyon_temnodon",31.8,29.5,-104.199997,42,17335
"Mesocyon_temnodon",31.8,29.5,-102.5,43.299999,17342
"Mesocyon_temnodon",31.8,29.5,-102.5,43.299999,17344
"Mesocyon_temnodon",31.8,29.5,-103.199997,43.200001,17356
"Mesocyon_temnodon",31.8,29.5,-103.099998,41.700001,17365
"Mesocyon_temnodon",31.8,29.5,-102.5,43.299999,17367
"Mesocyon_temnodon",31.8,29.5,-102.5,43.299999,17379
"Mesocyon_temnodon",31.8,29.5,-103.099998,40.799999,17426
"Osbornodon_renjiei",31.8,29.5,-103.800003,42.400002,17427
"Osbornodon_sesnoni",31.8,29.5,-101.900002,43.5,17317
"Osbornodon_sesnoni",31.8,29.5,-102.5,43.299999,17438
"Oxetocyon_cuspidatus",31.8,29.5,-102.5,43.299999,17329
"Oxetocyon_cuspidatus",31.8,29.5,-103.099998,41.700001,17374
"Oxetocyon_cuspidatus",31.8,29.5,-103.099998,41.700001,17391
"Oxetocyon_cuspidatus",31.8,29.5,-103.800003,42.400002,17423
"Oxetocyon_cuspidatus",31.8,29.5,-111.795555,44.881111,230863
"Phlaocyon_latidens",31.8,29.5,-119.616669,44.599998,17349
"Archaeocyon_leptodus",29.5,24.7,-102.5,43.299999,17607
"Archaeocyon_leptodus",29.5,24.7,-102.5,43.299999,17627
"Archaeocyon_leptodus",29.5,24.7,-102.5,43.299999,17629
"Archaeocyon_leptodus",29.5,24.7,-102.5,43.299999,17630
"Archaeocyon_leptodus",29.5,24.7,-102.5,43.299999,17633
"Archaeocyon_leptodus",29.5,24.7,-102.5,43.299999,17634
"Archaeocyon_leptodus",29.5,24.7,-102.5,43.299999,17635
"Archaeocyon_leptodus",29.5,24.7,-102.5,43.299999,17636
"Archaeocyon_leptodus",29.5,24.7,-102.5,43.299999,17637
"Archaeocyon_leptodus",29.5,24.7,-102.5,43.299999,17644
"Archaeocyon_leptodus",29.5,24.7,-102.5,43.299999,17651
"Archaeocyon_leptodus",29.5,24.7,-102.5,43.299999,17654
"Archaeocyon_pavidus",29.5,24.7,-102.5,43.299999,17663
"Cormocyon_copei",29.5,24.7,-103.099998,41.700001,17474
"Cormocyon_copei",29.5,24.7,-119.633331,44.666668,93078
"Cormocyon_copei",29.5,24.7,-119.650002,44.666668,17537
"Cynarctoides_lemur",29.5,24.7,-119.633331,44.666668,17508
"Cynarctoides_lemur",29.5,24.7,-119.633331,44.666668,93078
"Cynarctoides_lemur",29.5,24.7,-102.5,43.299999,17635
"Cynarctoides_lemur",29.5,24.7,-102.5,43.299999,17641
"Cynodesmus_thooides",29.5,24.7,-103.099998,41.700001,17486
"Cynodesmus_thooides",29.5,24.7,-102.5,43.299999,17630
"Enhydrocyon_crassidens",29.5,24.7,-102.5,43.299999,17638
"Enhydrocyon_pahinsintewakpa",29.5,24.7,-102.5,43.299999,17636
"Enhydrocyon_pahinsintewakpa",29.5,24.7,-102.5,43.299999,17637
"Enhydrocyon_stenocephalus",29.5,24.7,-119.633331,44.666668,17508
"Enhydrocyon_stenocephalus",29.5,24.7,-119.650002,44.666668,17537
"Leptocyon_douglassi",29.5,24.7,-102.5,43.299999,17641
"Leptocyon_douglassi",29.5,24.7,-111,46.5,17722
"Leptocyon_douglassi",29.5,24.7,-102.5,43.299999,17654
"Leptocyon_douglassi",29.5,24.7,-120,44.75,159093
"Leptocyon_mollis",29.5,24.7,-119.633331,44.666668,93078
"Mesocyon_brachyops",29.5,24.7,-119.633331,44.666668,93078
"Mesocyon_brachyops",29.5,24.7,-119.650002,44.666668,17537
"Mesocyon_coryphaeus",29.5,24.7,-119.633331,44.666668,93078
"Mesocyon_temnodon",29.5,24.7,-102.5,43.299999,17642
"Osbornodon_sesnoni",29.5,24.7,-119.633331,44.666668,93078
"Otarocyon_cooki",29.5,24.7,-102.5,43.299999,17635
"Otarocyon_cooki",29.5,24.7,-102.5,43.299999,17641
"Paraenhydrocyon_josephi",29.5,24.7,-119.633331,44.666668,17508
"Paraenhydrocyon_josephi",29.5,24.7,-119.633331,44.666668,93078
"Philotrox_condoni",29.5,24.7,-101.900002,43.5,17592
"Philotrox_condoni",29.5,24.7,-102.5,43.299999,17611
"Philotrox_condoni",29.5,24.7,-102.5,43.299999,17618
"Philotrox_condoni",29.5,24.7,-102.5,43.299999,17635
"Philotrox_condoni",29.5,24.7,-102.5,43.299999,17641
"Philotrox_condoni",29.5,24.7,-102.5,43.299999,17644
"Philotrox_condoni",29.5,24.7,-119.650002,44.666668,17537
"Phlaocyon_latidens",29.5,24.7,-119.633331,44.666668,93078
"Phlaocyon_latidens",29.5,24.7,-119.633331,44.666668,17508
"Rhizocyon_oregonensis",29.5,24.7,-119.633331,44.666668,17508
"Rhizocyon_oregonensis",29.5,24.7,-119.633331,44.666668,93078
"Rhizocyon_oregonensis",29.5,24.7,-119.650002,44.666668,17537
"Sunkahetanka_geringensis",29.5,24.7,-102.5,43.299999,17634
"Sunkahetanka_geringensis",29.5,24.7,-102.5,43.299999,17636
"Sunkahetanka_geringensis",29.5,24.7,-102.5,43.299999,17641
"Cormocyon_copei",27.82,23.03,-119.633331,44.700001,17603
"Cormocyon_copei",27.82,23.03,-119.633331,44.700001,93079
"Cynarctoides_lemur",27.82,23.03,-82.633331,29.75,17764
"Mesocyon_brachyops",27.82,23.03,-119.633331,44.700001,17603
"Mesocyon_brachyops",27.82,23.03,-119.633331,44.700001,93079
"Paraenhydrocyon_wallovianus",27.82,23.03,-119.633331,44.700001,17603
"Paraenhydrocyon_wallovianus",27.82,23.03,-119.633331,44.700001,93079
"Phlaocyon_achoros",27.82,23.03,-82.633331,29.75,17764
"Cormocyon_copei",24.7,23.1,-121.116669,46.666668,119837
"Cormocyon_copei",24.7,23.1,-121.133331,46.666668,119838
"Enhydrocyon_crassidens",24.7,23.1,-102.5,43.299999,17547
"Enhydrocyon_pahinsintewakpa",24.7,23.1,-102.5,43.299999,17554
"Enhydrocyon_pahinsintewakpa",24.7,23.1,-102.5,43.299999,17564
"Enhydrocyon_pahinsintewakpa",24.7,23.1,-99.833336,43.066666,17723
"Paraenhydrocyon_josephi",24.7,23.1,-121.133331,46.666668,119838
"Phlaocyon_minor",24.7,23.1,-99.833336,43.066666,17723
"Cormocyon_haydeni",23.1,18.5,-101.900002,43.5,17779
"Cormocyon_haydeni",23.1,18.5,-104.5,43,17794
"Cormocyon_haydeni",23.1,18.5,-103.800003,42.400002,17819
"Cynarctoides_acridens",23.1,18.5,-103.800003,42.400002,17744
"Cynarctoides_acridens",23.1,18.5,-104.199997,42,17780
"Cynarctoides_acridens",23.1,18.5,-103.800003,42.400002,17809
"Cynarctoides_acridens",23.1,18.5,-107,35.700001,17844
"Cynarctoides_acridens",23.1,18.5,-103.800003,42.400002,17846
"Cynarctoides_acridens",23.1,18.5,-103.666664,41.700001,28043
"Cynarctoides_harlowi",23.1,18.5,-104.5,43,17854
"Cynarctoides_luskensis",23.1,18.5,-105,42.099998,17777
"Cynarctoides_luskensis",23.1,18.5,-104.199997,42,17780
"Cynarctoides_luskensis",23.1,18.5,-104.199997,42,17793
"Desmocyon_thomsoni",23.1,18.5,-103.800003,42.400002,17736
"Desmocyon_thomsoni",23.1,18.5,-103.800003,42.400002,17738
"Desmocyon_thomsoni",23.1,18.5,-102.5,43.299999,17748
"Desmocyon_thomsoni",23.1,18.5,-102.5,43.299999,17752
"Desmocyon_thomsoni",23.1,18.5,-104.199997,42,17780
"Desmocyon_thomsoni",23.1,18.5,-104.5,43,17785
"Desmocyon_thomsoni",23.1,18.5,-105,42.099998,17788
"Desmocyon_thomsoni",23.1,18.5,-104.199997,42,17793
"Desmocyon_thomsoni",23.1,18.5,-104.199997,42,17796
"Desmocyon_thomsoni",23.1,18.5,-103.099998,42.200001,17805
"Desmocyon_thomsoni",23.1,18.5,-104.5,43,17815
"Desmocyon_thomsoni",23.1,18.5,-104.199997,42,17820
"Desmocyon_thomsoni",23.1,18.5,-102.5,43.299999,17832
"Desmocyon_thomsoni",23.1,18.5,-104.400002,42.619999,17833
"Desmocyon_thomsoni",23.1,18.5,-104.199997,42,17835
"Desmocyon_thomsoni",23.1,18.5,-104.5,43,17838
"Desmocyon_thomsoni",23.1,18.5,-104.199997,42,17839
"Desmocyon_thomsoni",23.1,18.5,-103.800003,42.400002,17846
"Desmocyon_thomsoni",23.1,18.5,-104.199997,42,17847
"Desmocyon_thomsoni",23.1,18.5,-104.199997,42,17848
"Desmocyon_thomsoni",23.1,18.5,-104.199997,42,17850
"Desmocyon_thomsoni",23.1,18.5,-119.646988,44.744091,170308
"Desmocyon_thomsoni",23.1,18.5,-119.300003,44.5,19037
"Enhydrocyon_basilatus",23.1,18.5,-104.5,43,17801
"Enhydrocyon_crassidens",23.1,18.5,-102.5,43.299999,17455
"Enhydrocyon_crassidens",23.1,18.5,-102.5,43.299999,17743
"Enhydrocyon_crassidens",23.1,18.5,-104.5,43,17794
"Enhydrocyon_crassidens",23.1,18.5,-104.5,43,17813
"Enhydrocyon_crassidens",23.1,18.5,-104.5,43,17815
"Leptocyon_gregorii",23.1,18.5,-102.5,43.299999,17456
"Leptocyon_gregorii",23.1,18.5,-102.5,43.299999,17519
"Leptocyon_gregorii",23.1,18.5,-104.5,43,17794
"Leptocyon_gregorii",23.1,18.5,-104.5,43,17815
"Leptocyon_gregorii",23.1,18.5,-104.5,43,17811
"Leptocyon_leidyi",23.1,18.5,-103.099998,42.200001,17842
"Leptocyon_vulpinus",23.1,18.5,-102.5,43.299999,17451
"Osbornodon_brachypus",23.1,18.5,-104.199997,42,17793
"Paraenhydrocyon_josephi",23.1,18.5,-104.5,43,17794
"Paraenhydrocyon_josephi",23.1,18.5,-104.5,43,17811
"Paraenhydrocyon_josephi",23.1,18.5,-104.5,43,17815
"Paraenhydrocyon_robustus",23.1,18.5,-102.5,43.299999,17451
"Paraenhydrocyon_robustus",23.1,18.5,-104.5,43,17812
"Paraenhydrocyon_wallovianus",23.1,18.5,-103.199997,29.200001,17774
"Paraenhydrocyon_wallovianus",23.1,18.5,-105,42.099998,17788
"Paraenhydrocyon_wallovianus",23.1,18.5,-104.5,43,17794
"Paraenhydrocyon_wallovianus",23.1,18.5,-104.5,43,17815
"Paraenhydrocyon_wallovianus",23.1,18.5,-104.400002,42.619999,17833
"Paraenhydrocyon_wallovianus",23.1,18.5,-103.800003,42.400002,17846
"Phlaocyon_annectens",23.1,18.5,-103.866669,42.416668,22641
"Phlaocyon_annectens",23.1,18.5,-103.800003,42.400002,17744
"Phlaocyon_annectens",23.1,18.5,-103.199997,29.200001,17775
"Phlaocyon_annectens",23.1,18.5,-104.5,43,17854
"Phlaocyon_leucosteus",23.1,18.5,-83,30.299999,17837
"Phlaocyon_leucosteus",23.1,18.5,-103.099998,42.200001,17842
"Phlaocyon_minor",23.1,18.5,-102.295303,43.1796,17745
"Phlaocyon_minor",23.1,18.5,-102.5,43.299999,17750
"Phlaocyon_minor",23.1,18.5,-105,42.099998,17788
"Phlaocyon_minor",23.1,18.5,-104.199997,42,17793
"Phlaocyon_minor",23.1,18.5,-104.400002,42.619999,17833
"Phlaocyon_minor",23.1,18.5,-104.199997,42,17835
"Phlaocyon_minor",23.1,18.5,-104.5,43,17838
"Phlaocyon_minor",23.1,18.5,-103.800003,42.400002,17846
"Phlaocyon_minor",23.1,18.5,-104.5,43,17854
"Phlaocyon_multicuspus",23.1,18.5,-104.5,43,17821
"Paracynarctus_kelloggi",20.44,15.98,-75.599998,39.200001,18579
"Aelurodon_asthenostylus",18.5,16.3,-104.199997,40.799999,17908
"Aelurodon_asthenostylus",18.5,16.3,-103.099998,42.799999,17998
"Cynarctoides_acridens",18.5,16.3,-102.01667,42.75,17865
"Cynarctoides_acridens",18.5,16.3,-103.099998,42.799999,17874
"Cynarctoides_acridens",18.5,16.3,-103.099998,41.700001,17881
"Cynarctoides_acridens",18.5,16.3,-103.099998,42.799999,17891
"Cynarctoides_acridens",18.5,16.3,-103.099998,42.200001,17896
"Cynarctoides_acridens",18.5,16.3,-103.099998,42.799999,17898
"Cynarctoides_acridens",18.5,16.3,-103.099998,42.799999,17906
"Cynarctoides_acridens",18.5,16.3,-103.099998,42.799999,17917
"Cynarctoides_acridens",18.5,16.3,-103.800003,42.400002,17920
"Cynarctoides_acridens",18.5,16.3,-103.099998,42.799999,17923
"Cynarctoides_acridens",18.5,16.3,-103.099998,42.799999,17927
"Cynarctoides_acridens",18.5,16.3,-103.099998,42.200001,17929
"Cynarctoides_acridens",18.5,16.3,-103.099998,42.200001,17932
"Cynarctoides_acridens",18.5,16.3,-103.099998,42.200001,17934
"Cynarctoides_acridens",18.5,16.3,-103.099998,42.200001,17940
"Cynarctoides_acridens",18.5,16.3,-103.800003,42.400002,17961
"Cynarctoides_acridens",18.5,16.3,-103.317703,42.374001,17963
"Cynarctoides_acridens",18.5,16.3,-103.283333,40.900002,17965
"Cynarctoides_acridens",18.5,16.3,-103.099998,42.799999,17978
"Cynarctoides_acridens",18.5,16.3,-103.800003,42.400002,17987
"Cynarctoides_acridens",18.5,16.3,-103.099998,42.799999,17993
"Cynarctoides_acridens",18.5,16.3,-103.800003,42.400002,18001
"Cynarctoides_acridens",18.5,16.3,-103.099998,42.799999,18021
"Cynarctoides_acridens",18.5,16.3,-108.199997,43.200001,19073
"Cynarctoides_acridens",18.5,16.3,-108.199997,43.200001,19074
"Cynarctoides_acridens",18.5,16.3,-108.199997,43.200001,19075
"Cynarctoides_acridens",18.5,16.3,-107.099998,43.200001,19076
"Cynarctoides_acridens",18.5,16.3,-107.099998,43.200001,19077
"Cynarctoides_acridens",18.5,16.3,-107,35.700001,19188
"Cynarctoides_acridens",18.5,16.3,-107,35.700001,19312
"Cynarctoides_acridens",18.5,16.3,-120.125,44,212624
"Cynarctoides_emryi",18.5,16.3,-103.099998,42.200001,17934
"Cynarctoides_emryi",18.5,16.3,-103.099998,42.799999,18021
"Cynarctoides_gawnae",18.5,16.3,-107,35.700001,19189
"Cynarctoides_gawnae",18.5,16.3,-107,35.700001,19388
"Cynarctoides_whistleri",18.5,16.3,-96.099998,30.1,18635
"Cynarctoides_whistleri",18.5,16.3,-117.714447,33.826111,167830
"Desmocyon_matthewi",18.5,16.3,-102.01667,42.75,17865
"Desmocyon_matthewi",18.5,16.3,-103.099998,42.799999,17891
"Desmocyon_matthewi",18.5,16.3,-103.099998,42.799999,17906
"Desmocyon_matthewi",18.5,16.3,-103.099998,42.799999,17927
"Desmocyon_matthewi",18.5,16.3,-103.099998,42.799999,17928
"Desmocyon_matthewi",18.5,16.3,-103.099998,42.200001,17932
"Desmocyon_matthewi",18.5,16.3,-100.800003,42.799999,18005
"Desmocyon_matthewi",18.5,16.3,-83.199997,29.299999,18562
"Desmocyon_thomsoni",18.5,16.3,-103.099998,41.700001,17881
"Desmocyon_thomsoni",18.5,16.3,-103.099998,42.799999,17894
"Desmocyon_thomsoni",18.5,16.3,-103.099998,42.200001,17899
"Desmocyon_thomsoni",18.5,16.3,-103.099998,42.799999,17924
"Desmocyon_thomsoni",18.5,16.3,-103.099998,42.200001,17989
"Desmocyon_thomsoni",18.5,16.3,-103.099998,42.799999,17997
"Desmocyon_thomsoni",18.5,16.3,-100.800003,42.799999,18008
"Desmocyon_thomsoni",18.5,16.3,-107,35.700001,19388
"Desmocyon_thomsoni",18.5,16.3,-117.733612,33.77972,167841
"Ectopocynus_simplicidens",18.5,16.3,-102.01667,42.75,17865
"Ectopocynus_simplicidens",18.5,16.3,-103.099998,42.799999,17891
"Ectopocynus_simplicidens",18.5,16.3,-103.099998,42.799999,18021
"Euoplocyon_spissidens",18.5,16.3,-82.599998,29.700001,18597
"Leptocyon_leidyi",18.5,16.3,-103.099998,42.200001,17970
"Leptocyon_leidyi",18.5,16.3,-103.099998,42.200001,17942
"Leptocyon_leidyi",18.5,16.3,-103.099998,42.200001,17932
"Leptocyon_leidyi",18.5,16.3,-103.099998,42.799999,17978
"Leptocyon_leidyi",18.5,16.3,-103.800003,42.400002,17952
"Leptocyon_leidyi",18.5,16.3,-103.800003,42.400002,18000
"Leptocyon_leidyi",18.5,16.3,-103.800003,42.400002,17920
"Leptocyon_leidyi",18.5,16.3,-103.800003,42.400002,17902
"Leptocyon_leidyi",18.5,16.3,-103.800003,42.400002,18001
"Leptocyon_leidyi",18.5,16.3,-120.02417,44.038334,208512
"Leptocyon_vafer",18.5,16.3,-106.199997,35.5,19339
"Leptocyon_vulpinus",18.5,16.3,-103.099998,42.799999,17898
"Leptocyon_vulpinus",18.5,16.3,-103.099998,42.200001,17934
"Leptocyon_vulpinus",18.5,16.3,-103.099998,42.799999,17891
"Metatomarctus_canavus",18.5,16.3,-103.099998,42.799999,17864
"Metatomarctus_canavus",18.5,16.3,-103.099998,41.700001,17881
"Metatomarctus_canavus",18.5,16.3,-102.5,42.700001,17888
"Metatomarctus_canavus",18.5,16.3,-103.099998,42.200001,17896
"Metatomarctus_canavus",18.5,16.3,-103.099998,42.799999,17906
"Metatomarctus_canavus",18.5,16.3,-103.099998,42.200001,17932
"Metatomarctus_canavus",18.5,16.3,-103.099998,42.200001,17934
"Metatomarctus_canavus",18.5,16.3,-103.099998,42.200001,17935
"Metatomarctus_canavus",18.5,16.3,-103.099998,42.200001,17936
"Metatomarctus_canavus",18.5,16.3,-103.099998,42.200001,17938
"Metatomarctus_canavus",18.5,16.3,-103.099998,42.200001,17942
"Metatomarctus_canavus",18.5,16.3,-103.099998,42.200001,17948
"Metatomarctus_canavus",18.5,16.3,-103.099998,42.200001,17950
"Metatomarctus_canavus",18.5,16.3,-103.317703,42.374001,17963
"Metatomarctus_canavus",18.5,16.3,-103.099998,42.200001,17973
"Metatomarctus_canavus",18.5,16.3,-103.099998,42.799999,17978
"Metatomarctus_canavus",18.5,16.3,-100.800003,42.799999,18005
"Metatomarctus_canavus",18.5,16.3,-100.800003,42.799999,18006
"Metatomarctus_canavus",18.5,16.3,-82.599998,29.700001,18597
"Metatomarctus_canavus",18.5,16.3,-107.099998,43.200001,18948
"Metatomarctus_canavus",18.5,16.3,-108.199997,43.200001,19016
"Metatomarctus_canavus",18.5,16.3,-117,34.799999,19358
"Metatomarctus_canavus",18.5,16.3,-107,35.700001,19388
"Metatomarctus_canavus",18.5,16.3,-117.733612,33.77972,167841
"Microtomarctus_conferta",18.5,16.3,-104.199997,40.799999,17908
"Microtomarctus_conferta",18.5,16.3,-106.199997,35.5,19339
"Microtomarctus_conferta",18.5,16.3,-107,35.700001,19410
"Osbornodon_fricki",18.5,16.3,-103.099998,42.799999,17917
"Osbornodon_fricki",18.5,16.3,-103.800003,42.400002,17920
"Osbornodon_fricki",18.5,16.3,-103.800003,42.400002,17952
"Osbornodon_fricki",18.5,16.3,-103.800003,42.400002,17961
"Osbornodon_fricki",18.5,16.3,-103.800003,42.400002,17980
"Osbornodon_fricki",18.5,16.3,-103.800003,42.400002,18001
"Osbornodon_iamonensis",18.5,16.3,-103.099998,41.700001,17881
"Osbornodon_iamonensis",18.5,16.3,-103.099998,42.200001,17896
"Osbornodon_iamonensis",18.5,16.3,-82.599998,29.700001,18597
"Osbornodon_scitulus",18.5,16.3,-95.699997,30.299999,18626
"Osbornodon_scitulus",18.5,16.3,-83.199997,29.299999,18562
"Osbornodon_scitulus",18.5,16.3,-103.099998,42.799999,17898
"Paracynarctus_kelloggi",18.5,16.3,-103.099998,42.799999,17873
"Paracynarctus_kelloggi",18.5,16.3,-119.699997,41.700001,18961
"Paracynarctus_kelloggi",18.5,16.3,-119.699997,41.700001,18962
"Paracynarctus_kelloggi",18.5,16.3,-108.199997,43.200001,19073
"Paracynarctus_kelloggi",18.5,16.3,-108.199997,43.200001,19074
"Paracynarctus_kelloggi",18.5,16.3,-108.199997,43.200001,19075
"Paracynarctus_kelloggi",18.5,16.3,-108.199997,43.200001,19081
"Paracynarctus_kelloggi",18.5,16.3,-107,35.700001,19275
"Paracynarctus_kelloggi",18.5,16.3,-107,35.700001,19410
"Paratomarctus_temerarius",18.5,16.3,-95.252777,30.74361,18642
"Paratomarctus_temerarius",18.5,16.3,-120.125,44,212623
"Phlaocyon_leucosteus",18.5,16.3,-102.01667,42.75,17865
"Phlaocyon_leucosteus",18.5,16.3,-104.199997,42,17886
"Phlaocyon_leucosteus",18.5,16.3,-103.099998,42.799999,17891
"Phlaocyon_leucosteus",18.5,16.3,-103.268288,40.901245,17964
"Phlaocyon_leucosteus",18.5,16.3,-103.099998,42.799999,17991
"Phlaocyon_leucosteus",18.5,16.3,-100.800003,42.799999,18009
"Phlaocyon_leucosteus",18.5,16.3,-104.046387,42.265278,167863
"Phlaocyon_mariae",18.5,16.3,-102.01667,42.75,17865
"Phlaocyon_marslandensis",18.5,16.3,-103.099998,42.200001,17875
"Phlaocyon_marslandensis",18.5,16.3,-102.5,42.700001,17888
"Phlaocyon_marslandensis",18.5,16.3,-103.099998,42.200001,17932
"Phlaocyon_marslandensis",18.5,16.3,-103.099998,42.200001,17948
"Phlaocyon_marslandensis",18.5,16.3,-103.099998,42.200001,17949
"Phlaocyon_minor",18.5,16.3,-96.099998,30.1,18617
"Phlaocyon_yatkolai",18.5,16.3,-103.099998,42.200001,17989
"Protomarctus_optatus",18.5,16.3,-103.800003,42.400002,17872
"Protomarctus_optatus",18.5,16.3,-103.800003,42.400002,17890
"Protomarctus_optatus",18.5,16.3,-103.099998,42.799999,17917
"Protomarctus_optatus",18.5,16.3,-103.099998,42.799999,17918
"Protomarctus_optatus",18.5,16.3,-103.800003,42.400002,17920
"Protomarctus_optatus",18.5,16.3,-103.800003,42.400002,17952
"Protomarctus_optatus",18.5,16.3,-103.800003,42.400002,17961
"Protomarctus_optatus",18.5,16.3,-103.283333,40.900002,17965
"Protomarctus_optatus",18.5,16.3,-103.800003,42.400002,17987
"Protomarctus_optatus",18.5,16.3,-103.800003,42.400002,18000
"Protomarctus_optatus",18.5,16.3,-103.800003,42.400002,18001
"Protomarctus_optatus",18.5,16.3,-103.800003,42.400002,18012
"Protomarctus_optatus",18.5,16.3,-103.800003,42.400002,18016
"Protomarctus_optatus",18.5,16.3,-107.099998,43.200001,18873
"Protomarctus_optatus",18.5,16.3,-119.699997,41.700001,18962
"Protomarctus_optatus",18.5,16.3,-108.199997,43.200001,19073
"Protomarctus_optatus",18.5,16.3,-108.199997,43.200001,19075
"Protomarctus_optatus",18.5,16.3,-107,35.700001,19188
"Protomarctus_optatus",18.5,16.3,-107,35.700001,19311
"Tephrocyon_rurestris",18.5,16.3,-120.125,44,212623
"Tephrocyon_rurestris",18.5,16.3,-120.125,44,212625
"Tomarctus_brevirostris",18.5,16.3,-104.199997,40.799999,17893
"Tomarctus_brevirostris",18.5,16.3,-104.199997,40.799999,17908
"Tomarctus_brevirostris",18.5,16.3,-79.699997,9.1,18725
"Tomarctus_brevirostris",18.5,16.3,-79.666664,9.049722,144879
"Tomarctus_hippophaga",18.5,16.3,-103.099998,42.799999,17909
"Tomarctus_hippophaga",18.5,16.3,-103.099998,42.799999,17979
"Tomarctus_hippophaga",18.5,16.3,-103.099998,42.799999,17999
"Metalopex_merriami",18.5,12.5,-120.199997,44.900002,18864
"Paracynarctus_kelloggi",18.5,12.5,-118.311386,35.192223,19478
"Aelurodon_asthenostylus",16.3,12.5,-104.199997,40.799999,18203
"Aelurodon_asthenostylus",16.3,12.5,-117.300003,38.099998,19097
"Aelurodon_asthenostylus",16.3,12.5,-117.066666,35.049999,19364
"Aelurodon_asthenostylus",16.3,12.5,-117,34.799999,19366
"Aelurodon_asthenostylus",16.3,12.5,-117,34.799999,19422
"Aelurodon_asthenostylus",16.3,12.5,-117,34.799999,19457
"Aelurodon_asthenostylus",16.3,12.5,-117,34.799999,19458
"Aelurodon_asthenostylus",16.3,12.5,-117,34.799999,19463
"Aelurodon_asthenostylus",16.3,12.5,-117,34.799999,19548
"Aelurodon_asthenostylus",16.3,12.5,-117.076385,35.063889,214888
"Aelurodon_ferox",16.3,12.5,-98.110001,42.490002,18031
"Aelurodon_ferox",16.3,12.5,-100,42.700001,18051
"Aelurodon_ferox",16.3,12.5,-100.800003,42.799999,18068
"Aelurodon_ferox",16.3,12.5,-100.800003,42.799999,18109
"Aelurodon_ferox",16.3,12.5,-100,42.700001,18120
"Aelurodon_ferox",16.3,12.5,-100,42.700001,18124
"Aelurodon_ferox",16.3,12.5,-102.5,43.299999,18138
"Aelurodon_ferox",16.3,12.5,-100.800003,42.799999,18162
"Aelurodon_ferox",16.3,12.5,-98.800003,42.900002,18164
"Aelurodon_ferox",16.3,12.5,-98,42.599998,18167
"Aelurodon_ferox",16.3,12.5,-102.5,42.700001,18188
"Aelurodon_ferox",16.3,12.5,-101.099998,40.200001,18192
"Aelurodon_ferox",16.3,12.5,-103.800003,41.5,18206
"Aelurodon_ferox",16.3,12.5,-98.800003,42.900002,18209
"Aelurodon_ferox",16.3,12.5,-103.800003,41.5,18248
"Aelurodon_ferox",16.3,12.5,-100.800003,42.799999,18266
"Aelurodon_ferox",16.3,12.5,-100.800003,42.799999,18271
"Aelurodon_ferox",16.3,12.5,-98.5271,40.0238,18275
"Aelurodon_ferox",16.3,12.5,-100.800003,42.799999,18281
"Aelurodon_ferox",16.3,12.5,-98,42.599998,18357
"Aelurodon_ferox",16.3,12.5,-100.800003,42.799999,18361
"Aelurodon_ferox",16.3,12.5,-99.699997,42.799999,18399
"Aelurodon_ferox",16.3,12.5,-98,42.599998,18405
"Aelurodon_ferox",16.3,12.5,-100.800003,42.799999,18411
"Aelurodon_ferox",16.3,12.5,-100.800003,42.799999,18442
"Aelurodon_ferox",16.3,12.5,-98,42.599998,18461
"Aelurodon_ferox",16.3,12.5,-100,42.700001,18464
"Aelurodon_ferox",16.3,12.5,-94.913002,30.593399,18628
"Aelurodon_ferox",16.3,12.5,-95,30.5,18637
"Aelurodon_ferox",16.3,12.5,-107,36.5,19287
"Aelurodon_ferox",16.3,12.5,-107,36.5,19519
"Aelurodon_ferox",16.3,12.5,-107,36.5,19520
"Aelurodon_ferox",16.3,12.5,-106.199997,35.5,19535
"Aelurodon_mcgrewi",16.3,12.5,-100.800003,42.799999,18058
"Aelurodon_mcgrewi",16.3,12.5,-100.800003,42.799999,18125
"Aelurodon_mcgrewi",16.3,12.5,-100,42.700001,18153
"Aelurodon_mcgrewi",16.3,12.5,-100.5,40.200001,18341
"Aelurodon_mcgrewi",16.3,12.5,-100.800003,42.799999,18345
"Aelurodon_mcgrewi",16.3,12.5,-99.699997,42.799999,18363
"Aelurodon_mcgrewi",16.3,12.5,-100,42.700001,18402
"Aelurodon_mcgrewi",16.3,12.5,-100.800003,42.799999,18412
"Aelurodon_mcgrewi",16.3,12.5,-100.800003,42.799999,18442
"Aelurodon_montanensis",16.3,12.5,-112.169899,45.896999,62876
"Aelurodon_stirtoni",16.3,12.5,-100,42.700001,18119
"Aelurodon_stirtoni",16.3,12.5,-107,36.5,19520
"Aelurodon_stirtoni",16.3,12.5,-106.199997,35.5,19535
"Aelurodon_taxoides",16.3,12.5,-100.800003,42.799999,18032
"Aelurodon_taxoides",16.3,12.5,-107,36.5,19320
"Carpocyon_compressus",16.3,12.5,-100,42.700001,18123
"Carpocyon_compressus",16.3,12.5,-100,42.700001,18124
"Carpocyon_compressus",16.3,12.5,-100,42.700001,18132
"Carpocyon_compressus",16.3,12.5,-100.800003,42.799999,18173
"Carpocyon_compressus",16.3,12.5,-101.099998,40.200001,18192
"Carpocyon_compressus",16.3,12.5,-104.199997,40.799999,18203
"Carpocyon_compressus",16.3,12.5,-100,42.700001,18205
"Carpocyon_compressus",16.3,12.5,-98.800003,42.900002,18209
"Carpocyon_compressus",16.3,12.5,-100.033333,42.783333,18284
"Carpocyon_compressus",16.3,12.5,-99.699997,42.799999,18285
"Carpocyon_compressus",16.3,12.5,-100.800003,42.799999,18286
"Carpocyon_compressus",16.3,12.5,-99.699997,39.599998,18373
"Carpocyon_compressus",16.3,12.5,-100.800003,42.799999,18442
"Carpocyon_compressus",16.3,12.5,-117.900002,38.25,19088
"Carpocyon_webbi",16.3,12.5,-107,36.5,19287
"Carpocyon_webbi",16.3,12.5,-106.199997,35.5,19535
"Cynarctoides_acridens",16.3,12.5,-103.800003,42.400002,17880
"Cynarctoides_acridens",16.3,12.5,-103.800003,42.400002,17955
"Cynarctoides_acridens",16.3,12.5,-103.800003,42.400002,17971
"Cynarctoides_acridens",16.3,12.5,-102.849998,42.683334,17976
"Cynarctoides_acridens",16.3,12.5,-103.800003,42.400002,17985
"Cynarctoides_acridens",16.3,12.5,-106.199997,35.5,19449
"Cynarctoides_acridens",16.3,12.5,-117,34.799999,19530
"Cynarctoides_acridens",16.3,12.5,-106.199997,35.5,19547
"Cynarctoides_acridens",16.3,12.5,-117,34.799999,19616
"Cynarctus_galushai",16.3,12.5,-117,34.799999,19548
"Cynarctus_galushai",16.3,12.5,-117,34.799999,19568
"Cynarctus_galushai",16.3,12.5,-117,34.799999,19598
"Cynarctus_galushai",16.3,12.5,-117.076385,35.063889,214888
"Cynarctus_galushai",16.3,12.5,-117.113609,35.06028,214889
"Cynarctus_saxatilis",16.3,12.5,-98.800003,42.900002,18164
"Cynarctus_saxatilis",16.3,12.5,-98.5271,40.0238,18275
"Cynarctus_saxatilis",16.3,12.5,-100.033333,42.783333,18284
"Cynarctus_saxatilis",16.3,12.5,-98,42.599998,18357
"Cynarctus_saxatilis",16.3,12.5,-100.800003,42.799999,18412
"Cynarctus_saxatilis",16.3,12.5,-100.800003,42.799999,18442
"Cynarctus_saxatilis",16.3,12.5,-103.186668,40.735001,230947
"Cynarctus_wangi",16.3,12.5,-76.5,38.400002,18519
"Epicyon_haydeni",16.3,12.5,-106.199997,35.5,19535
"Epicyon_saevus",16.3,12.5,-106.199997,35.5,19535
"Euoplocyon_brachygnathus",16.3,12.5,-103.732651,42.1856,17905
"Euoplocyon_brachygnathus",16.3,12.5,-103.800003,42.400002,17955
"Euoplocyon_brachygnathus",16.3,12.5,-103.800003,42.400002,18004
"Euoplocyon_brachygnathus",16.3,12.5,-113.199997,46.400002,18894
"Euoplocyon_brachygnathus",16.3,12.5,-117.5,43.599998,19056
"Euoplocyon_brachygnathus",16.3,12.5,-117,34.799999,19557
"Leptocyon_leidyi",16.3,12.5,-103.732651,42.1856,17905
"Leptocyon_leidyi",16.3,12.5,-103.800003,42.400002,17972
"Leptocyon_leidyi",16.3,12.5,-103.800003,42.400002,17956
"Leptocyon_leidyi",16.3,12.5,-103.800003,42.400002,17955
"Leptocyon_leidyi",16.3,12.5,-102.849998,42.683334,17976
"Leptocyon_leidyi",16.3,12.5,-106.199997,35.5,19611
"Leptocyon_leidyi",16.3,12.5,-106.199997,35.5,19547
"Leptocyon_leidyi",16.3,12.5,-117,34.799999,19510
"Leptocyon_leidyi",16.3,12.5,-117,34.799999,19356
"Leptocyon_leidyi",16.3,12.5,-117,34.799999,19366
"Leptocyon_leidyi",16.3,12.5,-117,34.799999,19463
"Leptocyon_leidyi",16.3,12.5,-117,34.799999,19548
"Leptocyon_leidyi",16.3,12.5,-117.066666,35.049999,19364
"Leptocyon_leidyi",16.3,12.5,-115.304443,39.1675,159094
"Leptocyon_vafer",16.3,12.5,-100,42.700001,18027
"Leptocyon_vafer",16.3,12.5,-98.110001,42.490002,18031
"Leptocyon_vafer",16.3,12.5,-100.800003,42.799999,18109
"Leptocyon_vafer",16.3,12.5,-100.050499,42.806099,18141
"Leptocyon_vafer",16.3,12.5,-98.800003,42.900002,18164
"Leptocyon_vafer",16.3,12.5,-100.800003,42.799999,18165
"Leptocyon_vafer",16.3,12.5,-101.099998,40.200001,18192
"Leptocyon_vafer",16.3,12.5,-98.800003,42.900002,18209
"Leptocyon_vafer",16.3,12.5,-103.099998,40.799999,18220
"Leptocyon_vafer",16.3,12.5,-100.800003,42.799999,18232
"Leptocyon_vafer",16.3,12.5,-98.5271,40.0238,18275
"Leptocyon_vafer",16.3,12.5,-100.033333,42.783333,18284
"Leptocyon_vafer",16.3,12.5,-100.800003,42.799999,18442
"Leptocyon_vafer",16.3,12.5,-98,42.599998,18443
"Leptocyon_vafer",16.3,12.5,-106.199997,49.200001,18788
"Leptocyon_vafer",16.3,12.5,-106.199997,49.200001,18790
"Leptocyon_vafer",16.3,12.5,-117.300003,38.099998,19097
"Leptocyon_vafer",16.3,12.5,-100.800003,42.799999,18125
"Leptocyon_vafer",16.3,12.5,-99.699997,42.799999,18363
"Leptocyon_vafer",16.3,12.5,-100.800003,42.799999,18266
"Leptocyon_vafer",16.3,12.5,-100,42.700001,18216
"Leptocyon_vafer",16.3,12.5,-100,42.700001,18155
"Leptocyon_vafer",16.3,12.5,-100,42.700001,18337
"Leptocyon_vafer",16.3,12.5,-106.199997,35.5,19535
"Leptocyon_vafer",16.3,12.5,-107,36.5,19470
"Leptocyon_vafer",16.3,12.5,-107,35.700001,19274
"Leptocyon_vafer",16.3,12.5,-107,36.5,19519
"Microtomarctus_conferta",16.3,12.5,-103.800003,42.400002,17904
"Microtomarctus_conferta",16.3,12.5,-103.732651,42.1856,17905
"Microtomarctus_conferta",16.3,12.5,-103.800003,42.400002,17911
"Microtomarctus_conferta",16.3,12.5,-103.800003,42.400002,17955
"Microtomarctus_conferta",16.3,12.5,-103.800003,42.400002,17972
"Microtomarctus_conferta",16.3,12.5,-103.800003,42.400002,18011
"Microtomarctus_conferta",16.3,12.5,-103.800003,42.400002,18019
"Microtomarctus_conferta",16.3,12.5,-104.199997,40.799999,18203
"Microtomarctus_conferta",16.3,12.5,-94.699997,30.700001,18631
"Microtomarctus_conferta",16.3,12.5,-115.5,41,19014
"Microtomarctus_conferta",16.3,12.5,-117.300003,38.099998,19097
"Microtomarctus_conferta",16.3,12.5,-107,35.700001,19274
"Microtomarctus_conferta",16.3,12.5,-117,34.799999,19314
"Microtomarctus_conferta",16.3,12.5,-117,34.799999,19356
"Microtomarctus_conferta",16.3,12.5,-117.066666,35.049999,19364
"Microtomarctus_conferta",16.3,12.5,-117,34.799999,19366
"Microtomarctus_conferta",16.3,12.5,-117,34.799999,19422
"Microtomarctus_conferta",16.3,12.5,-117,34.799999,19432
"Microtomarctus_conferta",16.3,12.5,-106.199997,35.5,19449
"Microtomarctus_conferta",16.3,12.5,-117,34.799999,19457
"Microtomarctus_conferta",16.3,12.5,-117,34.799999,19458
"Microtomarctus_conferta",16.3,12.5,-117,34.799999,19463
"Microtomarctus_conferta",16.3,12.5,-107,36.5,19520
"Microtomarctus_conferta",16.3,12.5,-106.199997,35.5,19535
"Microtomarctus_conferta",16.3,12.5,-117,34.799999,19548
"Microtomarctus_conferta",16.3,12.5,-117,34.799999,19557
"Microtomarctus_conferta",16.3,12.5,-117,34.799999,19615
"Microtomarctus_conferta",16.3,12.5,-117,34.799999,19616
"Microtomarctus_conferta",16.3,12.5,-120.553055,36.544167,156738
"Osbornodon_fricki",16.3,12.5,-103.732651,42.1856,17905
"Osbornodon_fricki",16.3,12.5,-103.800003,42.400002,17955
"Osbornodon_fricki",16.3,12.5,-103.800003,42.400002,17972
"Osbornodon_fricki",16.3,12.5,-117,34.799999,19472
"Osbornodon_fricki",16.3,12.5,-117,34.799999,19509
"Osbornodon_fricki",16.3,12.5,-106.199997,35.5,19547
"Osbornodon_fricki",16.3,12.5,-117,34.799999,19572
"Osbornodon_fricki",16.3,12.5,-117,34.799999,19616
"Paracynarctus_kelloggi",16.3,12.5,-118.099998,40.400002,18924
"Paracynarctus_kelloggi",16.3,12.5,-117.300003,38.099998,19097
"Paracynarctus_kelloggi",16.3,12.5,-117.800003,41.099998,19103
"Paracynarctus_kelloggi",16.3,12.5,-106.199997,35.5,19547
"Paracynarctus_kelloggi",16.3,12.5,-117,34.799999,19557
"Paracynarctus_sinclairi",16.3,12.5,-103.800003,42.400002,17880
"Paracynarctus_sinclairi",16.3,12.5,-103.800003,42.400002,17955
"Paracynarctus_sinclairi",16.3,12.5,-103.800003,42.400002,17972
"Paracynarctus_sinclairi",16.3,12.5,-102.849998,42.683334,17976
"Paracynarctus_sinclairi",16.3,12.5,-103.800003,42.400002,18004
"Paratomarctus_temerarius",16.3,12.5,-100.800003,42.799999,18109
"Paratomarctus_temerarius",16.3,12.5,-100,42.700001,18123
"Paratomarctus_temerarius",16.3,12.5,-100,42.700001,18124
"Paratomarctus_temerarius",16.3,12.5,-100,42.700001,18131
"Paratomarctus_temerarius",16.3,12.5,-100,42.700001,18144
"Paratomarctus_temerarius",16.3,12.5,-100,42.700001,18155
"Paratomarctus_temerarius",16.3,12.5,-98.800003,42.900002,18164
"Paratomarctus_temerarius",16.3,12.5,-100.800003,42.799999,18172
"Paratomarctus_temerarius",16.3,12.5,-101.099998,40.200001,18192
"Paratomarctus_temerarius",16.3,12.5,-98,42.599998,18261
"Paratomarctus_temerarius",16.3,12.5,-100.800003,42.799999,18265
"Paratomarctus_temerarius",16.3,12.5,-100.800003,42.799999,18272
"Paratomarctus_temerarius",16.3,12.5,-98.5271,40.0238,18275
"Paratomarctus_temerarius",16.3,12.5,-100.800003,42.799999,18281
"Paratomarctus_temerarius",16.3,12.5,-100.033333,42.783333,18284
"Paratomarctus_temerarius",16.3,12.5,-100.800003,42.799999,18442
"Paratomarctus_temerarius",16.3,12.5,-95.269798,30.749701,18627
"Paratomarctus_temerarius",16.3,12.5,-95,30.5,18665
"Paratomarctus_temerarius",16.3,12.5,-111.294724,45.926109,18803
"Paratomarctus_temerarius",16.3,12.5,-113.199997,46.400002,18894
"Paratomarctus_temerarius",16.3,12.5,-117.5,43.599998,19056
"Paratomarctus_temerarius",16.3,12.5,-117.900002,38.25,19088
"Paratomarctus_temerarius",16.3,12.5,-117,34.799999,19157
"Paratomarctus_temerarius",16.3,12.5,-107,35.700001,19274
"Paratomarctus_temerarius",16.3,12.5,-107,36.5,19287
"Paratomarctus_temerarius",16.3,12.5,-117,34.799999,19362
"Paratomarctus_temerarius",16.3,12.5,-117.066666,35.049999,19364
"Paratomarctus_temerarius",16.3,12.5,-117,34.799999,19366
"Paratomarctus_temerarius",16.3,12.5,-117,34.799999,19422
"Paratomarctus_temerarius",16.3,12.5,-117,34.799999,19432
"Paratomarctus_temerarius",16.3,12.5,-107,35.700001,19435
"Paratomarctus_temerarius",16.3,12.5,-117,34.799999,19457
"Paratomarctus_temerarius",16.3,12.5,-117,34.799999,19463
"Paratomarctus_temerarius",16.3,12.5,-107,36.5,19519
"Paratomarctus_temerarius",16.3,12.5,-107,36.5,19520
"Paratomarctus_temerarius",16.3,12.5,-117,34.799999,19522
"Paratomarctus_temerarius",16.3,12.5,-106.199997,35.5,19535
"Paratomarctus_temerarius",16.3,12.5,-117,34.799999,19548
"Paratomarctus_temerarius",16.3,12.5,-117,34.799999,19556
"Paratomarctus_temerarius",16.3,12.5,-117,34.799999,19568
"Paratomarctus_temerarius",16.3,12.5,-118.918228,35.463333,19542
"Paratomarctus_temerarius",16.3,12.5,-117.076385,35.063889,214888
"Protepicyon_raki",16.3,12.5,-117,34.799999,19432
"Protepicyon_raki",16.3,12.5,-117,34.799999,19457
"Protepicyon_raki",16.3,12.5,-117,34.799999,19458
"Protepicyon_raki",16.3,12.5,-117,34.799999,19463
"Protepicyon_raki",16.3,12.5,-117,34.799999,19548
"Protomarctus_optatus",16.3,12.5,-117.800003,41.099998,19103
"Protomarctus_optatus",16.3,12.5,-106.199997,35.5,19449
"Protomarctus_optatus",16.3,12.5,-117,34.799999,19510
"Psalidocyon_marianae",16.3,12.5,-103.732651,42.1856,17905
"Psalidocyon_marianae",16.3,12.5,-103.800003,42.400002,17955
"Psalidocyon_marianae",16.3,12.5,-103.800003,42.400002,18004
"Psalidocyon_marianae",16.3,12.5,-106.199997,35.5,19547
"Tephrocyon_rurestris",16.3,12.5,-117.5,43.599998,19017
"Tephrocyon_rurestris",16.3,12.5,-117.5,43.599998,19019
"Tephrocyon_rurestris",16.3,12.5,-119.300003,44.5,19027
"Tephrocyon_rurestris",16.3,12.5,-120.199997,44.900002,19031
"Tephrocyon_rurestris",16.3,12.5,-120.175552,44.923889,231010
"Tomarctus_brevirostris",16.3,12.5,-103.800003,42.400002,17880
"Tomarctus_brevirostris",16.3,12.5,-103.800003,42.400002,17903
"Tomarctus_brevirostris",16.3,12.5,-103.800003,42.400002,17904
"Tomarctus_brevirostris",16.3,12.5,-103.732651,42.1856,17905
"Tomarctus_brevirostris",16.3,12.5,-103.800003,42.400002,17955
"Tomarctus_brevirostris",16.3,12.5,-103.800003,42.400002,17956
"Tomarctus_brevirostris",16.3,12.5,-103.800003,42.400002,17972
"Tomarctus_brevirostris",16.3,12.5,-103.800003,42.400002,18011
"Tomarctus_brevirostris",16.3,12.5,-103.800003,42.400002,18019
"Tomarctus_brevirostris",16.3,12.5,-104.199997,40.799999,18203
"Tomarctus_brevirostris",16.3,12.5,-95.699997,30.299999,18649
"Tomarctus_brevirostris",16.3,12.5,-95.699997,30.299999,18650
"Tomarctus_brevirostris",16.3,12.5,-106.199997,35.5,19547
"Tomarctus_brevirostris",16.3,12.5,-117,34.799999,19598
"Tomarctus_brevirostris",16.3,12.5,-117.900002,39.200001,181725
"Tomarctus_hippophaga",16.3,12.5,-103.800003,42.400002,17880
"Tomarctus_hippophaga",16.3,12.5,-103.800003,42.400002,17903
"Tomarctus_hippophaga",16.3,12.5,-103.800003,42.400002,17904
"Tomarctus_hippophaga",16.3,12.5,-103.732651,42.1856,17905
"Tomarctus_hippophaga",16.3,12.5,-103.800003,42.400002,17911
"Tomarctus_hippophaga",16.3,12.5,-103.800003,42.400002,17919
"Tomarctus_hippophaga",16.3,12.5,-103.800003,42.400002,17955
"Tomarctus_hippophaga",16.3,12.5,-103.800003,42.400002,17956
"Tomarctus_hippophaga",16.3,12.5,-103.800003,42.400002,17971
"Tomarctus_hippophaga",16.3,12.5,-103.800003,42.400002,17975
"Tomarctus_hippophaga",16.3,12.5,-102.849998,42.683334,17976
"Tomarctus_hippophaga",16.3,12.5,-103.800003,42.400002,18004
"Tomarctus_hippophaga",16.3,12.5,-103.800003,42.400002,18019
"Tomarctus_hippophaga",16.3,12.5,-100.800003,42.799999,18165
"Tomarctus_hippophaga",16.3,12.5,-106.199997,49.200001,18758
"Tomarctus_hippophaga",16.3,12.5,-105.993431,49.172428,18759
"Tomarctus_hippophaga",16.3,12.5,-106.199997,49.200001,18761
"Tomarctus_hippophaga",16.3,12.5,-106.199997,49.200001,18769
"Tomarctus_hippophaga",16.3,12.5,-106.199997,49.200001,18785
"Tomarctus_hippophaga",16.3,12.5,-106.199997,49.200001,18788
"Tomarctus_hippophaga",16.3,12.5,-106.199997,49.200001,18789
"Tomarctus_hippophaga",16.3,12.5,-106.199997,49.200001,18793
"Tomarctus_hippophaga",16.3,12.5,-106.199997,49.200001,18797
"Tomarctus_hippophaga",16.3,12.5,-106.199997,49.200001,18798
"Tomarctus_hippophaga",16.3,12.5,-106.199997,49.200001,18799
"Tomarctus_hippophaga",16.3,12.5,-119,34.299999,19392
"Tomarctus_hippophaga",16.3,12.5,-106.199997,35.5,19547
"Tomarctus_hippophaga",16.3,12.5,-117,34.799999,19557
"Tomarctus_hippophaga",16.3,12.5,-117,34.799999,19565
"Tomarctus_hippophaga",16.3,12.5,-117,34.799999,19581
"Tomarctus_hippophaga",16.3,12.5,-117,34.799999,19616
"Cynarctus_marylandica",15.98,13.82,-76.5,38.400002,18516
"Cynarctus_marylandica",15.98,13.82,-76.514168,38.602779,48884
"Tomarctus_brevirostris",15.98,11.63,-120,35.099998,19196
"Cynarctus_crucidens",13.82,11.63,-76.83139,38.163334,126605
"Aelurodon_ferox",12.5,9.4,-98,42.599998,18075
"Aelurodon_ferox",12.5,9.4,-100,42.700001,18152
"Aelurodon_ferox",12.5,9.4,-100.800003,42.799999,18176
"Aelurodon_ferox",12.5,9.4,-100,42.700001,18217
"Aelurodon_ferox",12.5,9.4,-100,42.700001,18242
"Aelurodon_ferox",12.5,9.4,-100.800003,42.799999,18260
"Aelurodon_ferox",12.5,9.4,-100.800003,42.799999,18267
"Aelurodon_ferox",12.5,9.4,-100,42.700001,18466
"Aelurodon_stirtoni",12.5,9.4,-100.800003,42.799999,18159
"Aelurodon_stirtoni",12.5,9.4,-100.800003,42.799999,18176
"Aelurodon_stirtoni",12.5,9.4,-100,42.700001,18217
"Aelurodon_stirtoni",12.5,9.4,-100.800003,42.799999,18408
"Aelurodon_stirtoni",12.5,9.4,-100.800003,42.799999,18414
"Aelurodon_taxoides",12.5,9.4,-98,42.599998,18022
"Aelurodon_taxoides",12.5,9.4,-100.800003,42.799999,18042
"Aelurodon_taxoides",12.5,9.4,-100.800003,42.799999,18057
"Aelurodon_taxoides",12.5,9.4,-101.800003,43.200001,18063
"Aelurodon_taxoides",12.5,9.4,-99.099998,39.700001,18071
"Aelurodon_taxoides",12.5,9.4,-100.800003,35,18074
"Aelurodon_taxoides",12.5,9.4,-102.300003,35.700001,18091
"Aelurodon_taxoides",12.5,9.4,-98,42.599998,18092
"Aelurodon_taxoides",12.5,9.4,-100,42.700001,18095
"Aelurodon_taxoides",12.5,9.4,-101.900002,35.400002,18096
"Aelurodon_taxoides",12.5,9.4,-100,42.700001,18118
"Aelurodon_taxoides",12.5,9.4,-100.800003,42.799999,18171
"Aelurodon_taxoides",12.5,9.4,-100.800003,35,18179
"Aelurodon_taxoides",12.5,9.4,-103.800003,41.5,18190
"Aelurodon_taxoides",12.5,9.4,-100.699997,43.200001,18200
"Aelurodon_taxoides",12.5,9.4,-100.800003,42.799999,18214
"Aelurodon_taxoides",12.5,9.4,-100.800003,42.799999,18218
"Aelurodon_taxoides",12.5,9.4,-103.800003,42.400002,18222
"Aelurodon_taxoides",12.5,9.4,-100.800003,42.799999,18227
"Aelurodon_taxoides",12.5,9.4,-100.800003,35,18244
"Aelurodon_taxoides",12.5,9.4,-100.800003,42.799999,18245
"Aelurodon_taxoides",12.5,9.4,-100.800003,34.799999,18262
"Aelurodon_taxoides",12.5,9.4,-100.599998,43.400002,18268
"Aelurodon_taxoides",12.5,9.4,-103.800003,41.5,18278
"Aelurodon_taxoides",12.5,9.4,-100,42.700001,18279
"Aelurodon_taxoides",12.5,9.4,-100.800003,35,18283
"Aelurodon_taxoides",12.5,9.4,-99.699997,42.799999,18288
"Aelurodon_taxoides",12.5,9.4,-103.800003,42.400002,18299
"Aelurodon_taxoides",12.5,9.4,-103.800003,42.400002,18301
"Aelurodon_taxoides",12.5,9.4,-100.800003,42.799999,18321
"Aelurodon_taxoides",12.5,9.4,-100.800003,42.799999,18333
"Aelurodon_taxoides",12.5,9.4,-100,42.700001,18336
"Aelurodon_taxoides",12.5,9.4,-102.5,42.700001,18348
"Aelurodon_taxoides",12.5,9.4,-100.800003,35,18355
"Aelurodon_taxoides",12.5,9.4,-100.800003,42.799999,18378
"Aelurodon_taxoides",12.5,9.4,-100.800003,42.799999,18409
"Aelurodon_taxoides",12.5,9.4,-100.800003,42.799999,18446
"Aelurodon_taxoides",12.5,9.4,-99.699997,42.799999,18457
"Aelurodon_taxoides",12.5,9.4,-100.800003,42.799999,18458
"Aelurodon_taxoides",12.5,9.4,-100.800003,42.799999,18459
"Aelurodon_taxoides",12.5,9.4,-100,42.700001,18468
"Aelurodon_taxoides",12.5,9.4,-100.800003,42.799999,18494
"Aelurodon_taxoides",12.5,9.4,-100.800003,42.799999,18496
"Aelurodon_taxoides",12.5,9.4,-97.699997,28.6,18610
"Aelurodon_taxoides",12.5,9.4,-117.900002,38.25,18845
"Aelurodon_taxoides",12.5,9.4,-122.029999,37.799999,19391
"Aelurodon_taxoides",12.5,9.4,-97.699997,28.6,18623
"Aelurodon_taxoides",12.5,9.4,-97.958397,28.343399,18640
"Aelurodon_taxoides",12.5,9.4,-97.7407,28.530701,18645
"Borophagus_littoralis",12.5,9.4,-121.910004,37.814999,19185
"Borophagus_littoralis",12.5,9.4,-118.5,35.299999,19322
"Borophagus_littoralis",12.5,9.4,-118.5,35.299999,19323
"Borophagus_littoralis",12.5,9.4,-118.5,35.299999,19324
"Borophagus_littoralis",12.5,9.4,-120.800003,37.599998,19380
"Borophagus_pugnator",12.5,9.4,-118,43,19023
"Borophagus_pugnator",12.5,9.4,-117.5,43.599998,19036
"Borophagus_secundus",12.5,9.4,-102.300003,35.700001,18091
"Carpocyon_robustus",12.5,9.4,-100.800003,42.799999,18048
"Carpocyon_robustus",12.5,9.4,-100.800003,42.799999,18053
"Carpocyon_robustus",12.5,9.4,-100.699997,43.200001,18200
"Carpocyon_robustus",12.5,9.4,-100.800003,42.799999,18227
"Carpocyon_robustus",12.5,9.4,-100.599998,43.400002,18268
"Carpocyon_robustus",12.5,9.4,-100.800003,42.799999,18321
"Carpocyon_robustus",12.5,9.4,-100.800003,35,18355
"Carpocyon_robustus",12.5,9.4,-100.800003,42.799999,18447
"Carpocyon_robustus",12.5,9.4,-100.800003,42.799999,18458
"Carpocyon_robustus",12.5,9.4,-108.099998,40.599998,18986
"Carpocyon_robustus",12.5,9.4,-112.5,34.5,19436
"Carpocyon_robustus",12.5,9.4,-117.992119,35.372936,19517
"Carpocyon_webbi",12.5,9.4,-100.800003,42.799999,18079
"Carpocyon_webbi",12.5,9.4,-100.800003,42.799999,18148
"Carpocyon_webbi",12.5,9.4,-100,42.700001,18217
"Carpocyon_webbi",12.5,9.4,-100,42.700001,18242
"Carpocyon_webbi",12.5,9.4,-100.800003,42.799999,18260
"Carpocyon_webbi",12.5,9.4,-100.800003,42.799999,18419
"Carpocyon_webbi",12.5,9.4,-100,42.700001,18466
"Cynarctus_crucidens",12.5,9.4,-100.800003,42.799999,18042
"Cynarctus_crucidens",12.5,9.4,-100,42.700001,18095
"Cynarctus_crucidens",12.5,9.4,-100.099998,36.099998,18098
"Cynarctus_crucidens",12.5,9.4,-100.800003,42.799999,18171
"Cynarctus_crucidens",12.5,9.4,-100.699997,43.200001,18200
"Cynarctus_crucidens",12.5,9.4,-100.800003,42.799999,18218
"Cynarctus_crucidens",12.5,9.4,-103.800003,42.400002,18222
"Cynarctus_crucidens",12.5,9.4,-100.800003,35,18244
"Cynarctus_crucidens",12.5,9.4,-100.800003,42.799999,18253
"Cynarctus_crucidens",12.5,9.4,-100.800003,35,18283
"Cynarctus_crucidens",12.5,9.4,-100.800003,35,18355
"Cynarctus_crucidens",12.5,9.4,-100,42.700001,18467
"Cynarctus_voorhiesi",12.5,9.4,-100,42.700001,18217
"Cynarctus_voorhiesi",12.5,9.4,-100,42.700001,18242
"Cynarctus_voorhiesi",12.5,9.4,-100.800003,42.799999,18260
"Epicyon_haydeni",12.5,9.4,-103.800003,42.400002,18017
"Epicyon_haydeni",12.5,9.4,-99.900002,35.799999,18130
"Epicyon_haydeni",12.5,9.4,-100.800003,42.799999,18135
"Epicyon_haydeni",12.5,9.4,-100,42.700001,18142
"Epicyon_haydeni",12.5,9.4,-100.800003,42.799999,18214
"Epicyon_haydeni",12.5,9.4,-100.800003,42.799999,18218
"Epicyon_haydeni",12.5,9.4,-103.800003,42.400002,18222
"Epicyon_haydeni",12.5,9.4,-100.800003,42.799999,18227
"Epicyon_haydeni",12.5,9.4,-100.800003,42.799999,18277
"Epicyon_haydeni",12.5,9.4,-103.800003,42.400002,18299
"Epicyon_haydeni",12.5,9.4,-100.050003,42.633331,18327
"Epicyon_haydeni",12.5,9.4,-100.800003,35,18355
"Epicyon_haydeni",12.5,9.4,-102.5,42.700001,18430
"Epicyon_haydeni",12.5,9.4,-100.800003,42.799999,18447
"Epicyon_haydeni",12.5,9.4,-100,42.700001,18468
"Epicyon_haydeni",12.5,9.4,-100.800003,42.799999,18496
"Epicyon_haydeni",12.5,9.4,-82.51667,29.549999,18554
"Epicyon_haydeni",12.5,9.4,-81.800003,27.9,18588
"Epicyon_haydeni",12.5,9.4,-117.5,43.599998,18816
"Epicyon_haydeni",12.5,9.4,-117.5,43.599998,18826
"Epicyon_haydeni",12.5,9.4,-117.5,43.599998,19036
"Epicyon_haydeni",12.5,9.4,-112.5,34.5,19315
"Epicyon_haydeni",12.5,9.4,-118.5,35.299999,19322
"Epicyon_haydeni",12.5,9.4,-122.029999,37.799999,19391
"Epicyon_haydeni",12.5,9.4,-112.5,34.5,19429
"Epicyon_haydeni",12.5,9.4,-112.5,34.5,19436
"Epicyon_haydeni",12.5,9.4,-110.099998,35.799999,19483
"Epicyon_haydeni",12.5,9.4,-117.992119,35.372936,19517
"Epicyon_haydeni",12.5,9.4,-112.5,34.5,19543
"Epicyon_haydeni",12.5,9.4,-117.992226,35.37278,188947
"Epicyon_saevus",12.5,9.4,-100.800003,42.799999,18024
"Epicyon_saevus",12.5,9.4,-100.800003,42.799999,18042
"Epicyon_saevus",12.5,9.4,-100.800003,42.799999,18059
"Epicyon_saevus",12.5,9.4,-101.800003,43.200001,18063
"Epicyon_saevus",12.5,9.4,-100,42.700001,18095
"Epicyon_saevus",12.5,9.4,-100,42.700001,18118
"Epicyon_saevus",12.5,9.4,-100.800003,42.799999,18135
"Epicyon_saevus",12.5,9.4,-100.800003,42.799999,18171
"Epicyon_saevus",12.5,9.4,-100.800003,42.799999,18196
"Epicyon_saevus",12.5,9.4,-100.699997,43.200001,18200
"Epicyon_saevus",12.5,9.4,-100.800003,42.799999,18202
"Epicyon_saevus",12.5,9.4,-100.800003,42.799999,18214
"Epicyon_saevus",12.5,9.4,-103.800003,42.400002,18222
"Epicyon_saevus",12.5,9.4,-100.800003,42.799999,18227
"Epicyon_saevus",12.5,9.4,-100.800003,42.799999,18233
"Epicyon_saevus",12.5,9.4,-100.800003,35,18244
"Epicyon_saevus",12.5,9.4,-100.800003,42.799999,18245
"Epicyon_saevus",12.5,9.4,-100.800003,42.799999,18246
"Epicyon_saevus",12.5,9.4,-103.800003,42.400002,18299
"Epicyon_saevus",12.5,9.4,-103.800003,42.400002,18301
"Epicyon_saevus",12.5,9.4,-103.800003,41.5,18309
"Epicyon_saevus",12.5,9.4,-100.050003,42.633331,18327
"Epicyon_saevus",12.5,9.4,-100,42.700001,18335
"Epicyon_saevus",12.5,9.4,-100,42.700001,18336
"Epicyon_saevus",12.5,9.4,-100.800003,35,18355
"Epicyon_saevus",12.5,9.4,-103.800003,42.400002,18374
"Epicyon_saevus",12.5,9.4,-100.800003,42.799999,18378
"Epicyon_saevus",12.5,9.4,-103.800003,42.400002,18398
"Epicyon_saevus",12.5,9.4,-100.800003,42.799999,18446
"Epicyon_saevus",12.5,9.4,-100.800003,42.799999,18447
"Epicyon_saevus",12.5,9.4,-100.800003,42.799999,18458
"Epicyon_saevus",12.5,9.4,-100,42.700001,18468
"Epicyon_saevus",12.5,9.4,-100.800003,42.799999,18496
"Epicyon_saevus",12.5,9.4,-118.5,39.5,18835
"Epicyon_saevus",12.5,9.4,-118.5,39.5,18987
"Epicyon_saevus",12.5,9.4,-115.5,41,19035
"Epicyon_saevus",12.5,9.4,-121.300003,44.900002,19093
"Epicyon_saevus",12.5,9.4,-118.5,35.299999,19383
"Epicyon_saevus",12.5,9.4,-118.5,35.299999,19384
"Epicyon_saevus",12.5,9.4,-122.029999,37.799999,19391
"Epicyon_saevus",12.5,9.4,-117.992226,35.373055,189022
"Eucyon_skinneri",12.5,9.4,-100.800003,42.799999,18214
"Leptocyon_matthewi",12.5,9.4,-101.800003,43.200001,18063
"Leptocyon_matthewi",12.5,9.4,-98.097397,42.386299,18066
"Leptocyon_matthewi",12.5,9.4,-100.800003,42.799999,18042
"Leptocyon_matthewi",12.5,9.4,-100.699997,43.200001,18200
"Leptocyon_matthewi",12.5,9.4,-100.599998,43.400002,18268
"Leptocyon_matthewi",12.5,9.4,-100,42.700001,18095
"Leptocyon_matthewi",12.5,9.4,-100,42.700001,18336
"Leptocyon_matthewi",12.5,9.4,-100.800003,42.799999,18171
"Leptocyon_matthewi",12.5,9.4,-100.050003,42.633331,18327
"Leptocyon_matthewi",12.5,9.4,-100.800003,42.799999,18496
"Leptocyon_matthewi",12.5,9.4,-100.800003,42.799999,18227
"Leptocyon_matthewi",12.5,9.4,-100.800003,42.799999,18218
"Leptocyon_matthewi",12.5,9.4,-100.800003,42.799999,18321
"Leptocyon_matthewi",12.5,9.4,-103.800003,42.400002,18222
"Leptocyon_matthewi",12.5,9.4,-107,36.5,19528
"Leptocyon_matthewi",12.5,9.4,-118.031944,37.956669,18888
"Leptocyon_tejonensis",12.5,9.4,-118.800316,35.10041,19553
"Leptocyon_vafer",12.5,9.4,-100.800003,42.799999,18106
"Leptocyon_vafer",12.5,9.4,-100.800003,42.799999,18157
"Leptocyon_vafer",12.5,9.4,-97.699997,28.6,18611
"Leptocyon_vafer",12.5,9.4,-115.5,41,19035
"Leptocyon_vafer",12.5,9.4,-117,34.799999,19145
"Leptocyon_vafer",12.5,9.4,-121.910004,37.814999,19185
"Leptocyon_vafer",12.5,9.4,-118.5,35.299999,19322
"Leptocyon_vafer",12.5,9.4,-118.5,35.299999,19323
"Leptocyon_vafer",12.5,9.4,-117.992119,35.372936,19517
"Leptocyon_vafer",12.5,9.4,-100,42.700001,18242
"Leptocyon_vafer",12.5,9.4,-100,42.700001,18217
"Leptocyon_vafer",12.5,9.4,-100.800003,42.799999,18260
"Leptocyon_vafer",12.5,9.4,-100.800003,42.799999,18378
"Leptocyon_vafer",12.5,9.4,-99.533333,39.950001,110829
"Leptocyon_vafer",12.5,9.4,-107,36.5,19528
"Leptocyon_vafer",12.5,9.4,-117.900002,38.25,18845
"Metalopex_macconnelli",12.5,9.4,-112.5,34.5,19603
"Metalopex_macconnelli",12.5,9.4,-112.5,34.5,19436
"Metalopex_macconnelli",12.5,9.4,-112.5,34.5,19429
"Metalopex_macconnelli",12.5,9.4,-117.992226,35.37278,188943
"Metalopex_merriami",12.5,9.4,-118.5,35.299999,19393
"Paratomarctus_euthos",12.5,9.4,-100.800003,42.799999,18042
"Paratomarctus_euthos",12.5,9.4,-100.800003,42.799999,18056
"Paratomarctus_euthos",12.5,9.4,-100,42.700001,18095
"Paratomarctus_euthos",12.5,9.4,-100.800003,42.799999,18135
"Paratomarctus_euthos",12.5,9.4,-100.800003,42.799999,18176
"Paratomarctus_euthos",12.5,9.4,-100.699997,43.200001,18200
"Paratomarctus_euthos",12.5,9.4,-100,42.700001,18217
"Paratomarctus_euthos",12.5,9.4,-100.800003,42.799999,18227
"Paratomarctus_euthos",12.5,9.4,-100,42.700001,18242
"Paratomarctus_euthos",12.5,9.4,-100.800003,35,18244
"Paratomarctus_euthos",12.5,9.4,-100.800003,42.799999,18245
"Paratomarctus_euthos",12.5,9.4,-100.599998,43.400002,18268
"Paratomarctus_euthos",12.5,9.4,-100.800003,35,18283
"Paratomarctus_euthos",12.5,9.4,-100.800003,42.799999,18291
"Paratomarctus_euthos",12.5,9.4,-100.800003,42.799999,18302
"Paratomarctus_euthos",12.5,9.4,-100.800003,42.799999,18333
"Paratomarctus_euthos",12.5,9.4,-100.800003,35,18355
"Paratomarctus_euthos",12.5,9.4,-100.800003,42.799999,18425
"Paratomarctus_euthos",12.5,9.4,-100.800003,42.799999,18458
"Paratomarctus_euthos",12.5,9.4,-100.800003,42.799999,18496
"Vulpes_kernensis",12.5,9.4,-118.5,35.299999,19393
"Borophagus_littoralis",11.63,7.246,-118.5,35.299999,19466
"Epicyon_haydeni",11.63,7.246,-118.5,35.299999,19466
"Vulpes_stenognathus",11.63,7.246,-81.800003,27.9,18509
"Aelurodon_taxoides",9.4,4.7,-103.800003,42.400002,18323
"Borophagus_dudleyi",9.4,4.7,-81.849998,27.700001,18565
"Borophagus_hilli",9.4,4.7,-101.900002,35,18036
"Borophagus_hilli",9.4,4.7,-101.300003,35,18093
"Borophagus_hilli",9.4,4.7,-81.800003,27.9,18502
"Borophagus_hilli",9.4,4.7,-81.800003,27.9,18513
"Borophagus_hilli",9.4,4.7,-81.849998,27.700001,18527
"Borophagus_hilli",9.4,4.7,-81.800003,27.9,18532
"Borophagus_hilli",9.4,4.7,-81.800003,27.9,18533
"Borophagus_hilli",9.4,4.7,-81.800003,27.9,18595
"Borophagus_hilli",9.4,4.7,-82.444443,29.385555,200705
"Borophagus_orc",9.4,4.7,-82.300003,29.1,18564
"Borophagus_orc",9.4,4.7,-82.316666,28.799999,18601
"Borophagus_parvus",9.4,4.7,-110.599998,32.5,19514
"Borophagus_parvus",9.4,4.7,-120.800003,37.599998,19582
"Borophagus_parvus",9.4,4.7,-113.400002,34.700001,19612
"Borophagus_pugnator",9.4,4.7,-100.099998,36.099998,18072
"Borophagus_pugnator",9.4,4.7,-99.900002,37.200001,18111
"Borophagus_pugnator",9.4,4.7,-102.400002,41.400002,18193
"Borophagus_pugnator",9.4,4.7,-100.5,40.5,18254
"Borophagus_pugnator",9.4,4.7,-101.699997,38.900002,18342
"Borophagus_pugnator",9.4,4.7,-99.900002,37.200001,18415
"Borophagus_pugnator",9.4,4.7,-102.199997,40.099998,18495
"Borophagus_pugnator",9.4,4.7,-81.849998,27.700001,18504
"Borophagus_pugnator",9.4,4.7,-81.800003,27.9,18513
"Borophagus_pugnator",9.4,4.7,-81.800003,27.9,18532
"Borophagus_pugnator",9.4,4.7,-82.599998,29.4,18563
"Borophagus_pugnator",9.4,4.7,-81.849998,27.700001,18565
"Borophagus_pugnator",9.4,4.7,-81.949997,27.683332,18573
"Borophagus_pugnator",9.4,4.7,-82.316666,28.799999,18601
"Borophagus_pugnator",9.4,4.7,-82.199997,28.799999,18602
"Borophagus_secundus",9.4,4.7,-103.800003,42.400002,18033
"Borophagus_secundus",9.4,4.7,-100.199997,35.900002,18097
"Borophagus_secundus",9.4,4.7,-101.699997,39.299999,18140
"Borophagus_secundus",9.4,4.7,-101.699997,38.900002,18166
"Borophagus_secundus",9.4,4.7,-101.300003,35,18175
"Borophagus_secundus",9.4,4.7,-101.699997,38.900002,18241
"Borophagus_secundus",9.4,4.7,-101.400002,36.700001,18304
"Borophagus_secundus",9.4,4.7,-103,41.099998,18432
"Borophagus_secundus",9.4,4.7,-103.800003,42.400002,18499
"Borophagus_secundus",9.4,4.7,-102.400002,21.5,18715
"Borophagus_secundus",9.4,4.7,-88.5,14.6,18732
"Borophagus_secundus",9.4,4.7,-88.5,14.6,18736
"Borophagus_secundus",9.4,4.7,-100.666664,21.083332,18737
"Borophagus_secundus",9.4,4.7,-88.5,14.6,18739
"Borophagus_secundus",9.4,4.7,-100.800003,21.1,18740
"Borophagus_secundus",9.4,4.7,-102.599998,21.4,18747
"Borophagus_secundus",9.4,4.7,-88.5,14.6,18750
"Borophagus_secundus",9.4,4.7,-117,33.900002,19445
"Borophagus_secundus",9.4,4.7,-107,36.5,19473
"Borophagus_secundus",9.4,4.7,-120.800003,37.599998,19582
"Borophagus_secundus",9.4,4.7,-104.099998,20.200001,18745
"Borophagus_secundus",9.4,4.7,-99.862206,35.540962,170201
"Borophagus_secundus",9.4,4.7,-102.962776,21.714443,157349
"Borophagus_secundus",9.4,4.7,-104.082222,20.14889,189788
"Borophagus_secundus",9.4,4.7,-104.060837,20.123333,189790
"Borophagus_secundus",9.4,4.7,-100.699997,21,18713
"Borophagus_secundus",9.4,4.7,-99.400002,19.833332,212307
"Borophagus_secundus",9.4,4.7,-118.800003,45.5,18970
"Carpocyon_limosus",9.4,4.7,-99.800003,36.099998,18034
"Carpocyon_limosus",9.4,4.7,-81.949997,27.683332,18573
"Carpocyon_limosus",9.4,4.7,-99.599998,42.783333,35430
"Carpocyon_webbi",9.4,4.7,-107,36.5,19186
"Cerdocyon_texanus",9.4,4.7,-108.5,33,19602
"Epicyon_aelurodontoides",9.4,4.7,-99.900002,37.200001,18403
"Epicyon_haydeni",9.4,4.7,-103.800003,42.400002,18033
"Epicyon_haydeni",9.4,4.7,-99.800003,36.099998,18034
"Epicyon_haydeni",9.4,4.7,-99.400002,38.900002,18055
"Epicyon_haydeni",9.4,4.7,-100.099998,36.099998,18072
"Epicyon_haydeni",9.4,4.7,-100.5,40.5,18086
"Epicyon_haydeni",9.4,4.7,-99.900002,37.200001,18111
"Epicyon_haydeni",9.4,4.7,-99.800003,36.099998,18169
"Epicyon_haydeni",9.4,4.7,-100.099998,36.099998,18198
"Epicyon_haydeni",9.4,4.7,-101.099998,33.700001,18211
"Epicyon_haydeni",9.4,4.7,-100.099998,36.099998,18308
"Epicyon_haydeni",9.4,4.7,-103.800003,42.400002,18323
"Epicyon_haydeni",9.4,4.7,-99.800003,36.099998,18364
"Epicyon_haydeni",9.4,4.7,-100.5,39.799999,18365
"Epicyon_haydeni",9.4,4.7,-99.900002,37.200001,18415
"Epicyon_haydeni",9.4,4.7,-99.699997,39.599998,18444
"Epicyon_haydeni",9.4,4.7,-102.199997,40.099998,18495
"Epicyon_haydeni",9.4,4.7,-99.900002,37.200001,18497
"Epicyon_haydeni",9.4,4.7,-81.800003,27.9,18514
"Epicyon_haydeni",9.4,4.7,-81.849998,27.700001,18527
"Epicyon_haydeni",9.4,4.7,-81.800003,27.9,18532
"Epicyon_haydeni",9.4,4.7,-82.566666,29.683332,18539
"Epicyon_haydeni",9.4,4.7,-82.599998,29.65,18560
"Epicyon_haydeni",9.4,4.7,-82.599998,29.4,18563
"Epicyon_haydeni",9.4,4.7,-116.966667,42.016666,19085
"Epicyon_haydeni",9.4,4.7,-103.045555,29.265278,19538
"Epicyon_saevus",9.4,4.7,-103.800003,42.400002,18033
"Epicyon_saevus",9.4,4.7,-99.800003,36.099998,18034
"Epicyon_saevus",9.4,4.7,-100.099998,36.099998,18072
"Epicyon_saevus",9.4,4.7,-103.800003,42.400002,18258
"Epicyon_saevus",9.4,4.7,-99.800003,36.099998,18293
"Epicyon_saevus",9.4,4.7,-100.099998,36.099998,18308
"Epicyon_saevus",9.4,4.7,-103.800003,42.400002,18323
"Epicyon_saevus",9.4,4.7,-99.900002,37.200001,18415
"Epicyon_saevus",9.4,4.7,-100.5,40.5,18431
"Epicyon_saevus",9.4,4.7,-82.599998,29.65,18560
"Epicyon_saevus",9.4,4.7,-117.800003,41.099998,19095
"Epicyon_saevus",9.4,4.7,-117.977379,35.327599,19551
"Eucyon_davisi",9.4,4.7,-101.900002,35,18036
"Eucyon_davisi",9.4,4.7,-100.199997,35.900002,18097
"Eucyon_davisi",9.4,4.7,-101.699997,39.299999,18140
"Eucyon_davisi",9.4,4.7,-101.699997,38.900002,18166
"Eucyon_davisi",9.4,4.7,-101.400002,36.700001,18304
"Eucyon_davisi",9.4,4.7,-101.699997,38.900002,18342
"Eucyon_davisi",9.4,4.7,-114.300003,37.799999,18900
"Eucyon_davisi",9.4,4.7,-117.5,43.599998,18936
"Eucyon_davisi",9.4,4.7,-117.5,43.599998,18943
"Eucyon_davisi",9.4,4.7,-117.5,43.599998,18944
"Eucyon_davisi",9.4,4.7,-118.800003,45.5,18970
"Eucyon_davisi",9.4,4.7,-119.28833,45.840557,19116
"Eucyon_davisi",9.4,4.7,-110.599998,32.5,19514
"Eucyon_davisi",9.4,4.7,-107,36.5,19533
"Eucyon_davisi",9.4,4.7,-110.099998,35.799999,19610
"Eucyon_davisi",9.4,4.7,-113.400002,34.700001,19612
"Eucyon_davisi",9.4,4.7,-99.599998,42.783333,35430
"Eucyon_davisi",9.4,4.7,-81.800003,27.9,18532
"Eucyon_davisi",9.4,4.7,-117.800003,41.099998,19095
"Eucyon_davisi",9.4,4.7,-82.599998,29.65,18560
"Eucyon_davisi",9.4,4.7,-102.300003,35.700001,18340
"Eucyon_davisi",9.4,4.7,-110.800003,32.900002,19272
"Eucyon_davisi",9.4,4.7,-120.800003,37.599998,19582
"Eucyon_davisi",9.4,4.7,-122.249001,37.970001,19480
"Eucyon_davisi",9.4,4.7,-108,28.799999,18755
"Eucyon_davisi",9.4,4.7,-120.665558,46.680279,232055
"Eucyon_ferox",9.4,4.7,-97.728897,42.8214,18126
"Eucyon_ferox",9.4,4.7,-100.666664,21.083332,18737
"Eucyon_ferox",9.4,4.7,-107,36.5,19473
"Eucyon_ferox",9.4,4.7,-101.400002,36.700001,18304
"Eucyon_ferox",9.4,4.7,-113.400002,34.700001,19612
"Eucyon_ferox",9.4,4.7,-110.599998,32.5,19514
"Eucyon_ferox",9.4,4.7,-108,28.799999,18755
"Eucyon_ferox",9.4,4.7,-104.082222,20.14889,189788
"Eucyon_ferox",9.4,4.7,-100.699997,21,18713
"Eucyon_ferox",9.4,4.7,-99.400002,19.833332,212307
"Eucyon_ferox",9.4,4.7,-100.800003,21,18718
"Eucyon_ferox",9.4,4.7,-104.060837,20.123333,189790
"Metalopex_bakeri",9.4,4.7,-100.099998,36.099998,18072
"Metalopex_macconnelli",9.4,4.7,-117.992226,35.37278,188945
"Metalopex_merriami",9.4,4.7,-116.966667,42.016666,19085
"Metalopex_merriami",9.4,4.7,-117.800003,41.099998,19095
"Metalopex_merriami",9.4,4.7,-100.5,40.5,18431
"Urocyon_webbi",9.4,4.7,-82.316666,28.799999,18601
"Vulpes_stenognathus",9.4,4.7,-100.5,40.5,18086
"Vulpes_stenognathus",9.4,4.7,-100.199997,35.900002,18097
"Vulpes_stenognathus",9.4,4.7,-101.400002,36.700001,18304
"Vulpes_stenognathus",9.4,4.7,-108,28.799999,18755
"Vulpes_stenognathus",9.4,4.7,-114.300003,37.799999,18900
"Vulpes_stenognathus",9.4,4.7,-117,34.799999,19419
"Vulpes_stenognathus",9.4,4.7,-107,36.5,19473
"Vulpes_stenognathus",9.4,4.7,-113.400002,34.700001,19612
"Vulpes_stenognathus",9.4,4.7,-99.599998,42.783333,35430
"Vulpes_stenognathus",9.4,4.7,-119.300003,44.5,19015
"Vulpes_stenognathus",9.4,4.7,-117.5,43.599998,18935
"Vulpes_stenognathus",9.4,4.7,-117.5,43.599998,18936
"Vulpes_stenognathus",9.4,4.7,-103.800003,42.400002,18033
"Vulpes_stenognathus",9.4,4.7,-100.099998,36.099998,18198
"Vulpes_stenognathus",9.4,4.7,-101.300003,35,18175
"Vulpes_stenognathus",9.4,4.7,-102.199997,40.099998,18495
"Vulpes_stenognathus",9.4,4.7,-110.599998,32.5,19514
"Vulpes_stenognathus",9.4,4.7,-106.053635,36.088913,19338
"Borophagus_hilli",9.4,3.6,-81.800003,27.9,18535
"Eucyon_davisi",5.333,3.6,-82.366669,78.550003,20083
"Eucyon_ferox",5.333,2.58,-114.900002,42.799999,181255
"Borophagus_diversidens",4.7,1.4,-110.199997,32,19631
"Borophagus_diversidens",4.7,1.4,-109.599998,33,19662
"Borophagus_diversidens",4.7,1.4,-118.5,35.299999,19663
"Borophagus_diversidens",4.7,1.4,-117.900002,36.099998,19664
"Borophagus_diversidens",4.7,1.4,-117.900002,36.099998,19665
"Borophagus_diversidens",4.7,1.4,-121.949997,38.029999,19701
"Borophagus_diversidens",4.7,1.4,-82.199997,27,19757
"Borophagus_diversidens",4.7,1.4,-118,43,19913
"Borophagus_diversidens",4.7,1.4,-100.300003,37.200001,19932
"Borophagus_diversidens",4.7,1.4,-98.234444,42.378334,19954
"Borophagus_diversidens",4.7,1.4,-103.099998,41.700001,19955
"Borophagus_diversidens",4.7,1.4,-100,42.700001,19957
"Borophagus_diversidens",4.7,1.4,-102.400002,41.400002,19960
"Borophagus_diversidens",4.7,1.4,-100,42.700001,19963
"Borophagus_diversidens",4.7,1.4,-101.099998,33.700001,20023
"Borophagus_diversidens",4.7,1.4,-101.279999,33.77,20026
"Borophagus_diversidens",4.7,1.4,-101.099998,33.700001,20032
"Borophagus_diversidens",4.7,1.4,-101.633331,34.883331,20033
"Borophagus_diversidens",4.7,1.4,-102.5,35.400002,20034
"Borophagus_diversidens",4.7,1.4,-100.916664,32.716667,20060
"Borophagus_diversidens",4.7,1.4,-118.5,47,20062
"Borophagus_diversidens",4.7,1.4,-100.75,21.033333,20077
"Borophagus_diversidens",4.7,1.4,-117.099998,32.900002,20117
"Borophagus_diversidens",4.7,1.4,-117.099998,32.900002,20119
"Borophagus_diversidens",4.7,1.4,-109.800003,23.4,20075
"Borophagus_hilli",4.7,1.4,-109.599998,23.299999,19673
"Borophagus_hilli",4.7,1.4,-114.943474,42.818733,19808
"Borophagus_hilli",4.7,1.4,-100.900002,37.099998,19922
"Borophagus_hilli",4.7,1.4,-107.300003,33.099998,19974
"Borophagus_hilli",4.7,1.4,-119.099998,46.299999,20063
"Borophagus_hilli",4.7,1.4,-89.190559,13.818333,107827
"Borophagus_hilli",4.7,1.4,-80.25,33.347221,178479
"Canis_edwardii",4.7,1.4,-107.400002,28.5,20074
"Canis_edwardii",4.7,1.4,-110.199997,32,20303
"Canis_edwardii",4.7,1.4,-101.633331,34.883331,20033
"Canis_edwardii",4.7,1.4,-100,42.700001,19963
"Canis_edwardii",4.7,1.4,-98.234444,42.378334,19954
"Canis_edwardii",4.7,1.4,-82.099998,29.799999,19751
"Canis_edwardii",4.7,1.4,-114.5,31.700001,20322
"Canis_latrans",4.7,1.4,-117.099998,32.900002,20112
"Canis_latrans",4.7,1.4,-117.099998,32.900002,20117
"Canis_latrans",4.7,1.4,-117.099998,32.900002,20120
"Canis_latrans",4.7,1.4,-117.099998,32.900002,20122
"Canis_lepophagus",4.7,1.4,-122.199997,40,19668
"Canis_lepophagus",4.7,1.4,-114.900002,42.799999,19805
"Canis_lepophagus",4.7,1.4,-114.900002,42.799999,19807
"Canis_lepophagus",4.7,1.4,-114.900002,42.799999,19812
"Canis_lepophagus",4.7,1.4,-114.900002,42.799999,19815
"Canis_lepophagus",4.7,1.4,-114.900002,42.799999,19816
"Canis_lepophagus",4.7,1.4,-114.900002,42.799999,19819
"Canis_lepophagus",4.7,1.4,-114.900002,42.799999,19821
"Canis_lepophagus",4.7,1.4,-114.900002,42.799999,19839
"Canis_lepophagus",4.7,1.4,-114.900002,42.799999,19847
"Canis_lepophagus",4.7,1.4,-114.900002,42.799999,19854
"Canis_lepophagus",4.7,1.4,-114.900002,42.799999,19879
"Canis_lepophagus",4.7,1.4,-114.900002,42.799999,19888
"Canis_lepophagus",4.7,1.4,-114.900002,42.799999,19895
"Canis_lepophagus",4.7,1.4,-114.900002,42.799999,19903
"Canis_lepophagus",4.7,1.4,-100.300003,37.200001,19929
"Canis_lepophagus",4.7,1.4,-100.300003,37.200001,19932
"Canis_lepophagus",4.7,1.4,-100.300003,37.200001,19934
"Canis_lepophagus",4.7,1.4,-100.48333,37.133331,19940
"Canis_lepophagus",4.7,1.4,-100,42.700001,19963
"Canis_lepophagus",4.7,1.4,-114.300003,37.799999,19965
"Canis_lepophagus",4.7,1.4,-106.699997,32,19981
"Canis_lepophagus",4.7,1.4,-101.099998,33.700001,20023
"Canis_lepophagus",4.7,1.4,-101.633331,34.883331,20033
"Canis_lepophagus",4.7,1.4,-102.5,35.400002,20034
"Canis_lepophagus",4.7,1.4,-105.199997,31.5,20050
"Canis_lepophagus",4.7,1.4,-100.916664,32.716667,20060
"Canis_lepophagus",4.7,1.4,-118.5,47,20062
"Canis_lepophagus",4.7,1.4,-114.5,31.700001,20322
"Canis_lepophagus",4.7,1.4,-98.234444,42.378334,19954
"Canis_lepophagus",4.7,1.4,-118,43,19914
"Canis_rufus",4.7,1.4,-117.099998,32.900002,20115
"Canis_rufus",4.7,1.4,-117.099998,32.900002,20120
"Canis_rufus",4.7,1.4,-117.099998,32.900002,20121
"Canis_thooides",4.7,1.4,-109.599998,33,19656
"Cerdocyon_texanus",4.7,1.4,-102.300003,35.700001,20035
"Chrysocyon_nearcticus",4.7,1.4,-109.099998,32.700001,19654
"Chrysocyon_nearcticus",4.7,1.4,-117,33.900002,19743
"Eucyon_davisi",4.7,1.4,-119.099998,46.299999,20063
"Eucyon_ferox",4.7,1.4,-114.900002,42.799999,19832
"Eucyon_ferox",4.7,1.4,-114.900002,42.799999,19836
"Eucyon_ferox",4.7,1.4,-114.900002,42.799999,19868
"Eucyon_ferox",4.7,1.4,-114.900002,42.799999,19902
"Eucyon_ferox",4.7,1.4,-114.900002,42.799999,19906
"Eucyon_ferox",4.7,1.4,-100.300003,37.200001,19936
"Eucyon_ferox",4.7,1.4,-102.400002,41.400002,19959
"Eucyon_ferox",4.7,1.4,-102.400002,41.400002,19960
"Eucyon_ferox",4.7,1.4,-100.300003,37.200001,19925
"Ferrucyon_avius",4.7,1.4,-109.599998,23.299999,19673
"Ferrucyon_avius",4.7,1.4,-109.616669,23.166668,154118
"Urocyon_galushai",4.7,1.4,-109.599998,33,19656
"Urocyon_galushai",4.7,1.4,-105.199997,31.5,20051
"Urocyon_galushai",4.7,1.4,-100.916664,32.716667,20060
"Urocyon_galushai",4.7,1.4,-117.099998,32.900002,20122
"Urocyon_galushai",4.7,1.4,-101.633331,34.883331,20033
"Urocyon_progressus",4.7,1.4,-100.300003,37.200001,19936
"Vulpes_velox",4.7,1.4,-100.916664,32.716667,20060
"Canis_lepophagus",4.7,0.014,-82.676903,28.955299,79621
"Canis_lepophagus",3.6,0.774,-99.716721,42.563354,197002
"Borophagus_diversidens",2.58,1.8,-82.676903,28.955299,19758
"Canis_edwardii",2.58,1.8,-82.68,29,20384
"Urocyon_cinereoargenteus",2.58,1.8,-100.300003,37.200001,19927
"Urocyon_citrinus",2.58,1.8,-82.68,29,20384
"Canis_lepophagus",2.58,0.774,-80.183334,33,206955
"Aenocyon_dirus",2.58,0.0117,-80.292503,32.559166,65405
"Aenocyon_dirus",2.58,0.0117,-104.883331,31.883333,93257
"Aenocyon_dirus",2.58,0.0117,-83.958054,30.170279,227368
"Aenocyon_dirus",2.58,0.0117,-87.573608,37.964722,231075
"Canis_latrans",2.58,0.0117,-78.883331,33.683334,77590
"Canis_rufus",2.58,0.0117,-86.343887,34.74139,86852
"Vulpes_vulpes",2.58,0.0117,-80.398888,37.543331,125941
"Urocyon_cinereoargenteus",2.58,0,-104.883331,31.883333,93258
"Canis_armbrusteri",1.8,0.774,-76.83139,38.163334,104698
"Aenocyon_dirus",1.4,0.21,-100.477097,37.044701,20166
"Aenocyon_dirus",1.4,0.21,-102.300003,21.799999,20283
"Aenocyon_dirus",1.4,0.21,-100.300003,37.200001,20295
"Aenocyon_dirus",1.4,0.21,-120.195831,37.056667,20327
"Aenocyon_dirus",1.4,0.21,-102.5,42.700001,20347
"Aenocyon_dirus",1.4,0.21,-102.5,42.700001,20376
"Aenocyon_dirus",1.4,0.21,-121.959999,37.529999,20387
"Aenocyon_dirus",1.4,0.21,-82.599998,29.700001,20520
"Aenocyon_dirus",1.4,0.21,-102.5,42.700001,20501
"Aenocyon_dirus",1.4,0.21,-98.099998,40.200001,20138
"Canis_armbrusteri",1.4,0.21,-112.400002,35.700001,19617
"Canis_armbrusteri",1.4,0.21,-82.070274,28.799168,20289
"Canis_armbrusteri",1.4,0.21,-93.199997,36,20290
"Canis_armbrusteri",1.4,0.21,-78.699997,39.599998,20302
"Canis_armbrusteri",1.4,0.21,-99.5,33.75,20342
"Canis_armbrusteri",1.4,0.21,-82.099998,29.799999,20351
"Canis_armbrusteri",1.4,0.21,-82.5,27.700001,20400
"Canis_armbrusteri",1.4,0.21,-82.5,27.700001,20401
"Canis_armbrusteri",1.4,0.21,-82.599998,29.4,20415
"Canis_armbrusteri",1.4,0.21,-75.300003,40.200001,20479
"Canis_armbrusteri",1.4,0.21,-101.408096,34.505501,20498
"Canis_armbrusteri",1.4,0.21,-101.900002,33.700001,20530
"Canis_armbrusteri",1.4,0.21,-106.699997,32,20558
"Canis_armbrusteri",1.4,0.21,-80.448059,33.214443,79919
"Canis_armbrusteri",1.4,0.21,-100.900002,37.099998,20537
"Canis_cedazoensis",1.4,0.21,-102.300003,21.799999,20283
"Canis_edwardii",1.4,0.21,-112.400002,35.700001,19617
"Canis_edwardii",1.4,0.21,-100.900002,37.099998,20148
"Canis_edwardii",1.4,0.21,-82.199997,28.799999,20299
"Canis_edwardii",1.4,0.21,-100.300003,37.200001,20301
"Canis_edwardii",1.4,0.21,-81.821114,27.041668,20308
"Canis_edwardii",1.4,0.21,-117,33.900002,20319
"Canis_edwardii",1.4,0.21,-82,26.9,20334
"Canis_edwardii",1.4,0.21,-82.099998,29.799999,20351
"Canis_edwardii",1.4,0.21,-82.5,27.700001,20400
"Canis_edwardii",1.4,0.21,-82.199997,27,20494
"Canis_edwardii",1.4,0.21,-117.5,43.599998,20499
"Canis_edwardii",1.4,0.21,-110.199997,32,20536
"Canis_edwardii",1.4,0.21,-97.866081,42.352402,159674
"Canis_edwardii",1.4,0.21,-100.626114,40.205276,159675
"Canis_edwardii",1.4,0.21,-101.040001,40.18,159676
"Canis_edwardii",1.4,0.21,-100.480003,40.18,159677
"Canis_edwardii",1.4,0.21,-100.17083,40.283333,159678
"Canis_edwardii",1.4,0.21,-117.5,43.599998,159679
"Canis_edwardii",1.4,0.21,-99.5,33.75,20342
"Canis_edwardii",1.4,0.21,-81.800003,27.9,18500
"Canis_latrans",1.4,0.21,-117.099998,32.900002,20126
"Canis_latrans",1.4,0.21,-117.099998,32.900002,20127
"Canis_latrans",1.4,0.21,-117.099998,32.900002,20129
"Canis_latrans",1.4,0.21,-117.099998,32.900002,20130
"Canis_latrans",1.4,0.21,-117.099998,32.900002,20134
"Canis_latrans",1.4,0.21,-100.495201,37.047699,20137
"Canis_latrans",1.4,0.21,-98.099998,40.200001,20143
"Canis_latrans",1.4,0.21,-105.699997,39.299999,20150
"Canis_latrans",1.4,0.21,-100.5,36.799999,20157
"Canis_latrans",1.4,0.21,-117,33.900002,20178
"Canis_latrans",1.4,0.21,-114.099998,39,20280
"Canis_latrans",1.4,0.21,-102.300003,21.799999,20283
"Canis_latrans",1.4,0.21,-93.199997,36,20290
"Canis_latrans",1.4,0.21,-100.300003,37.200001,20295
"Canis_latrans",1.4,0.21,-78.699997,39.599998,20302
"Canis_latrans",1.4,0.21,-120.195831,37.056667,20327
"Canis_latrans",1.4,0.21,-105.699997,39.299999,20329
"Canis_latrans",1.4,0.21,-99.5,33.75,20342
"Canis_latrans",1.4,0.21,-102.5,42.700001,20347
"Canis_latrans",1.4,0.21,-121.959999,37.529999,20387
"Canis_latrans",1.4,0.21,-117,33.900002,20454
"Canis_latrans",1.4,0.21,-105.699997,39.299999,20477
"Canis_latrans",1.4,0.21,-101.408096,34.505501,20498
"Canis_latrans",1.4,0.21,-102.5,42.700001,20500
"Canis_latrans",1.4,0.21,-101.900002,33.700001,20530
"Canis_latrans",1.4,0.21,-96,42,20556
"Canis_latrans",1.4,0.21,-105.699997,39.299999,20559
"Canis_latrans",1.4,0.21,-98.358055,40.922222,159680
"Canis_latrans",1.4,0.21,-79.300003,38.700001,20532
"Canis_latrans",1.4,0.21,-105.781944,39.549999,152653
"Canis_latrans",1.4,0.21,-102.5,42.700001,20501
"Canis_lupus",1.4,0.21,-147.800003,64.800003,20297
"Canis_lupus",1.4,0.21,-147.800003,64.800003,20346
"Canis_lupus",1.4,0.21,-96,42,20556
"Canis_rufus",1.4,0.21,-107,36.5,20506
"Urocyon_cinereoargenteus",1.4,0.21,-102.300003,21.799999,20283
"Urocyon_cinereoargenteus",1.4,0.21,-93.199997,36,20290
"Urocyon_cinereoargenteus",1.4,0.21,-77.199997,39.799999,20354
"Urocyon_cinereoargenteus",1.4,0.21,-82.5,27.700001,20400
"Urocyon_cinereoargenteus",1.4,0.21,-105.699997,39.299999,20477
"Urocyon_cinereoargenteus",1.4,0.21,-75.300003,40.200001,20479
"Urocyon_cinereoargenteus",1.4,0.21,-105.699997,39.299999,20559
"Urocyon_minicephalus",1.4,0.21,-82.070274,28.799168,20289
"Urocyon_minicephalus",1.4,0.21,-82.599998,29.4,20415
"Vulpes_lagopus",1.4,0.21,-140,68.199997,20436
"Vulpes_stenognathus",1.4,0.21,-117.5,43.599998,20499
"Vulpes_velox",1.4,0.21,-98.099998,40.200001,20143
"Vulpes_velox",1.4,0.21,-100.5,36.799999,20157
"Vulpes_velox",1.4,0.21,-100.300003,37.200001,20295
"Vulpes_velox",1.4,0.21,-120.195831,37.056667,20327
"Vulpes_velox",1.4,0.21,-105.699997,39.299999,20329
"Vulpes_velox",1.4,0.21,-105.699997,39.299999,20477
"Vulpes_velox",1.4,0.21,-105.699997,39.299999,20559
"Vulpes_vulpes",1.4,0.21,-107,36.5,20505
"Xenocyon_lycaonoides",1.4,0.21,-107.900002,50.700001,20563
"Xenocyon_texanus",1.4,0.21,-101.408096,34.505501,20498
"Aenocyon_dirus",1.4,0.014,-80.5,28.1,20419
"Xenocyon_lycaonoides",0.774,0.129,-139.766663,67.849998,159681
"Aenocyon_dirus",0.21,0.014,-82.199997,28.799999,20398
"Aenocyon_dirus",0.21,0.014,-82.300003,29.1,20491
"Aenocyon_dirus",0.21,0.014,-109.650002,29.683332,20495
"Aenocyon_dirus",0.21,0.014,-79.087776,33.010277,79918
"Aenocyon_dirus",0.21,0.014,-80.334724,32.479443,79757
"Aenocyon_dirus",0.21,0.014,-118.293335,33.762501,85314
"Aenocyon_dirus",0.21,0.014,-118.348892,34.069721,150336
"Aenocyon_dirus",0.21,0.014,-80.175652,33.018505,206993
"Aenocyon_dirus",0.21,0.014,-80.716667,25.950001,195112
"Canis_latrans",0.21,0.014,-82.300003,29.1,20491
"Canis_latrans",0.21,0.014,-118.348892,34.069721,150336
"Canis_latrans",0.21,0.014,-80.449265,32.757771,206992
"Canis_latrans",0.21,0.014,-80.716667,25.950001,195112
"Canis_latrans",0.21,0.014,-94.090271,29.661949,225289
"Canis_lupus",0.21,0.014,-118.348892,34.069721,150336
"Urocyon_cinereoargenteus",0.21,0.014,-82.300003,29.1,20491
"Urocyon_cinereoargenteus",0.21,0.014,-118.348892,34.069721,150336
"Urocyon_cinereoargenteus",0.21,0.014,-80.716667,25.950001,195112
"Urocyon_littoralis",0.21,0,-120.695274,35.752499,84904
"Aenocyon_dirus",0.129,0.0117,-112.900002,42.799999,20569
"Aenocyon_dirus",0.129,0.0117,-82.099998,29.799999,20572
"Aenocyon_dirus",0.129,0.0117,-82.416664,29.6,20573
"Aenocyon_dirus",0.129,0.0117,-82.5,27.5,20580
"Aenocyon_dirus",0.129,0.0117,-82.099998,29.799999,20594
"Aenocyon_dirus",0.129,0.0117,-110.199997,32,20619
"Aenocyon_dirus",0.129,0.0117,-81.449997,28.716667,20636
"Aenocyon_dirus",0.129,0.0117,-82.199997,28.799999,20638
"Aenocyon_dirus",0.129,0.0117,-121.5,38.599998,20642
"Aenocyon_dirus",0.129,0.0117,-100.716667,23.816668,71277
"Aenocyon_dirus",0.129,0.0117,-99.815277,24.099443,71345
"Aenocyon_dirus",0.129,0.0117,-84.75,37.866669,74141
"Aenocyon_dirus",0.129,0.0117,-93.216667,36.666668,75995
"Aenocyon_dirus",0.129,0.0117,-104.449997,32.366669,76059
"Aenocyon_dirus",0.129,0.0117,-98.099998,30.358334,79581
"Aenocyon_dirus",0.129,0.0117,-108.199997,44.983334,93181
"Aenocyon_dirus",0.129,0.0117,-90.366669,38.266666,93379
"Aenocyon_dirus",0.129,0.0117,-81.336098,37.097298,104758
"Aenocyon_dirus",0.129,0.0117,-78.388885,40.427223,104797
"Aenocyon_dirus",0.129,0.0117,-79.368889,38.602779,93332
"Aenocyon_dirus",0.129,0.0117,-80.400002,25.700001,154722
"Aenocyon_dirus",0.129,0.0117,-82.699997,27.799999,154771
"Aenocyon_dirus",0.129,0.0117,-80.397499,27.638332,34269
"Aenocyon_dirus",0.129,0.0117,-81.900002,27.17,154804
"Aenocyon_dirus",0.129,0.0117,-82.476387,29.407499,154805
"Aenocyon_dirus",0.129,0.0117,-82.599998,29.85,154910
"Aenocyon_dirus",0.129,0.0117,-122.281998,40.784,155393
"Aenocyon_dirus",0.129,0.0117,-80.096107,32.8825,79923
"Aenocyon_dirus",0.129,0.0117,-80.166664,26.700001,154921
"Aenocyon_dirus",0.129,0.0117,-99.129997,19.9,227227
"Aenocyon_dirus",0.129,0.0117,-97.783302,27.933331,230753
"Canis_armbrusteri",0.129,0.0117,-82.099998,29.799999,20593
"Canis_armbrusteri",0.129,0.0117,-80.447777,33.214443,152904
"Canis_latrans",0.129,0.0117,-117,34.799999,20273
"Canis_latrans",0.129,0.0117,-112.900002,42.799999,20569
"Canis_latrans",0.129,0.0117,-112.900002,42.799999,20612
"Canis_latrans",0.129,0.0117,-105,37.299999,20617
"Canis_latrans",0.129,0.0117,-110.199997,32,20619
"Canis_latrans",0.129,0.0117,-121.5,38.599998,20642
"Canis_latrans",0.129,0.0117,-120.400002,36.099998,20644
"Canis_latrans",0.129,0.0117,-82.199997,28.799999,20653
"Canis_latrans",0.129,0.0117,-80.397499,27.638332,34269
"Canis_latrans",0.129,0.0117,-97.150002,18.266666,71308
"Canis_latrans",0.129,0.0117,-107.150002,38.483334,74953
"Canis_latrans",0.129,0.0117,-104.449997,32.366669,76059
"Canis_latrans",0.129,0.0117,-98.099998,30.358334,79582
"Canis_latrans",0.129,0.0117,-97.683334,30.633333,79683
"Canis_latrans",0.129,0.0117,-96.707497,32.714722,93103
"Canis_latrans",0.129,0.0117,-106.883331,34.883331,93141
"Canis_latrans",0.129,0.0117,-108.199997,44.983334,93181
"Canis_latrans",0.129,0.0117,-112.583336,44.633331,93182
"Canis_latrans",0.129,0.0117,-120.5,43.333332,93251
"Canis_latrans",0.129,0.0117,-104.783333,32.349998,93281
"Canis_latrans",0.129,0.0117,-103.466667,43.433334,93333
"Canis_latrans",0.129,0.0117,-90.366669,38.266666,93379
"Canis_latrans",0.129,0.0117,-114.51667,50.183334,93528
"Canis_latrans",0.129,0.0117,-78.512222,38.872501,104664
"Canis_latrans",0.129,0.0117,-80.400002,25.700001,154722
"Canis_latrans",0.129,0.0117,-122.281998,40.784,155393
"Canis_latrans",0.129,0.0117,-121.013885,38.908333,155409
"Canis_latrans",0.129,0.0117,-79.938889,33.078335,80232
"Canis_latrans",0.129,0.0117,-94.96302,36.693687,216271
"Canis_latrans",0.129,0.0117,-97.783302,27.933331,230753
"Canis_lupus",0.129,0.0117,-86.5,39,20600
"Canis_lupus",0.129,0.0117,-110.699997,50.099998,20615
"Canis_lupus",0.129,0.0117,-140,68.199997,20626
"Canis_lupus",0.129,0.0117,-108.199997,44.983334,93181
"Canis_lupus",0.129,0.0117,-112.583336,44.633331,93182
"Canis_lupus",0.129,0.0117,-104.783333,32.349998,93281
"Canis_lupus",0.129,0.0117,-105.683334,42.783333,93277
"Canis_lupus",0.129,0.0117,-111.866669,40.766666,93329
"Canis_lupus",0.129,0.0117,-103.466667,43.433334,93333
"Canis_lupus",0.129,0.0117,-80.166664,26.700001,154921
"Canis_lupus",0.129,0.0117,-122.281998,40.784,155393
"Canis_lupus",0.129,0.0117,-83.564522,43.234219,200622
"Canis_lupus",0.129,0.0117,-94.96302,36.693687,216271
"Canis_rufus",0.129,0.0117,-82.476387,29.407499,154805
"Cuon_alpinus",0.129,0.0117,-99.815277,24.099443,71345
"Protocyon_troglodytes",0.129,0.0117,-87.431389,20.315277,212361
"Urocyon_cinereoargenteus",0.129,0.0117,-82.416664,29.6,20573
"Urocyon_cinereoargenteus",0.129,0.0117,-82.099998,29.799999,20594
"Urocyon_cinereoargenteus",0.129,0.0117,-86.5,39,20600
"Urocyon_cinereoargenteus",0.129,0.0117,-82.300003,29.1,20634
"Urocyon_cinereoargenteus",0.129,0.0117,-82.199997,28.799999,20638
"Urocyon_cinereoargenteus",0.129,0.0117,-84.800003,34.200001,13066
"Urocyon_cinereoargenteus",0.129,0.0117,-81.449997,28.716667,20636
"Urocyon_cinereoargenteus",0.129,0.0117,-104.449997,32.366669,76059
"Urocyon_cinereoargenteus",0.129,0.0117,-108.400002,31.566668,76060
"Urocyon_cinereoargenteus",0.129,0.0117,-122.23333,40.916668,93250
"Urocyon_cinereoargenteus",0.129,0.0117,-79.29583,38.833332,124198
"Urocyon_cinereoargenteus",0.129,0.0117,-80.400002,25.700001,154722
"Urocyon_cinereoargenteus",0.129,0.0117,-82.476387,29.407499,154805
"Urocyon_cinereoargenteus",0.129,0.0117,-122.281998,40.784,155393
"Urocyon_cinereoargenteus",0.129,0.0117,-82.699997,27.799999,154771
"Vulpes_lagopus",0.129,0.0117,-140,68.199997,20626
"Vulpes_lagopus",0.129,0.0117,-153.5,70.5,20643
"Vulpes_lagopus",0.129,0.0117,-133.580002,56.34,81830
"Vulpes_macrotis",0.129,0.0117,-112.25,32.466667,93244
"Vulpes_velox",0.129,0.0117,-106.883331,34.883331,93141
"Vulpes_velox",0.129,0.0117,-104.783333,32.349998,93281
"Vulpes_velox",0.129,0.0117,-114.51667,50.183334,93528
"Vulpes_vulpes",0.129,0.0117,-112.900002,42.799999,20569
"Vulpes_vulpes",0.129,0.0117,-110.699997,50.099998,20615
"Vulpes_vulpes",0.129,0.0117,-80.397499,27.638332,34269
"Vulpes_vulpes",0.129,0.0117,-107.150002,38.483334,74953
"Vulpes_vulpes",0.129,0.0117,-107.150002,38.483334,74954
"Vulpes_vulpes",0.129,0.0117,-96.707497,32.714722,93103
"Vulpes_vulpes",0.129,0.0117,-106.883331,34.883331,93141
"Vulpes_vulpes",0.129,0.0117,-108.199997,44.983334,93181
"Vulpes_vulpes",0.129,0.0117,-104.783333,32.349998,93281
"Vulpes_vulpes",0.129,0.0117,-105.683334,42.783333,93277
"Vulpes_vulpes",0.129,0.0117,-111.866669,40.766666,93329
"Vulpes_vulpes",0.129,0.0117,-112.633331,38.650002,93330
"Vulpes_vulpes",0.129,0.0117,-151,65.349998,93339
"Vulpes_vulpes",0.129,0.0117,-114.51667,50.183334,93528
"Vulpes_vulpes",0.129,0.0117,-80.599998,28.083332,74292
"Vulpes_vulpes",0.129,0.0117,-122.281998,40.784,155393
"Vulpes_vulpes",0.129,0.0117,-86.063644,44.906494,200485
"Vulpes_vulpes",0.129,0.0117,-120.599998,38.599998,225801
"Canis_latrans",0.129,0,-104.800003,27,71263
"Canis_latrans",0.129,0,-88.599998,33.5,93345
"Canis_lupus",0.129,0,-80.679169,37.334721,104689
"Urocyon_cinereoargenteus",0.129,0,-88.599998,33.683334,93344
"Urocyon_cinereoargenteus",0.129,0,-80.679169,37.334721,104689
"Vulpes_velox",0.129,0,-114.033333,39.483334,93326
"Vulpes_vulpes",0.129,0,-114.033333,39.483334,93326
"Vulpes_vulpes",0.129,0,-79.76722,37.952778,104035
"Canis_latrans",0.0117,0,-104.199997,31.183332,74474
"Canis_latrans",0.0117,0,-98.099998,30.358334,79584
"Canis_latrans",0.0117,0,-113.099998,46.666668,162133
"Canis_lupus",0.0117,0,-29.888332,82.125,162014
"Canis_lupus",0.0117,0,-68.31778,44.330555,122450
"Canis_lupus",0.0117,0,-82.678001,39.125,195062
"Canis_lupus",0.0117,0,-122.749916,48.212296,215546
"Canis_lupus",0.0117,0,-161.833328,67.966667,220460
"Canis_lupus",0.0117,0,-75.607674,44.803844,221863
"Canis_lupus",0.0117,0,-93.60083,76.30278,228928
"Canis_lupus",0.0117,0,-94.263603,58.764702,229538
"Urocyon_cinereoargenteus",0.0117,0,-78.414719,38.628056,104675
"Urocyon_cinereoargenteus",0.0117,0,-82.599998,39.68,195066
"Urocyon_cinereoargenteus",0.0117,0,-82.678001,39.125,195062
"Urocyon_cinereoargenteus",0.0117,0,-75.607674,44.803844,221863
"Urocyon_cinereoargenteus",0.0117,0,-112.109261,36.058647,233123
"Urocyon_littoralis",0.0117,0,-120.192497,34.003887,231012
"Urocyon_littoralis",0.0117,0,-119.530281,33.279167,162157
"Vulpes_lagopus",0.0117,0,-29.888332,82.125,162014
"Vulpes_lagopus",0.0117,0,-53.28046,68.371445,187755
"Vulpes_lagopus",0.0117,0,-170.344727,57.177502,92955
"Vulpes_lagopus",0.0117,0,-34.250999,82.228104,227758
"Vulpes_lagopus",0.0117,0,-31.219444,82.183609,227817
"Vulpes_lagopus",0.0117,0,-30.266666,82.15667,226353
"Vulpes_lagopus",0.0117,0,-30.2089,82.153,227826
"Vulpes_lagopus",0.0117,0,-30.027599,82.105202,227829
"Vulpes_lagopus",0.0117,0,-29.928801,82.150902,227870
"Vulpes_lagopus",0.0117,0,-24.564722,81.995834,227873
"Vulpes_lagopus",0.0117,0,-32.774799,83.101196,227875
"Vulpes_lagopus",0.0117,0,-23.769444,80.656944,227876
"Vulpes_lagopus",0.0117,0,-18.088612,77.610832,227877
"Vulpes_lagopus",0.0117,0,-138.898331,69.573608,228443
"Vulpes_lagopus",0.0117,0,-124.664001,72.206497,228444
"Vulpes_lagopus",0.0117,0,-82.843597,68.670197,228756
"Vulpes_lagopus",0.0117,0,-64.840797,63.322899,228896
"Vulpes_lagopus",0.0117,0,-93.930702,72.705399,228898
"Vulpes_lagopus",0.0117,0,-93.699997,76.300003,160848
"Vulpes_lagopus",0.0117,0,-70.597702,64.0522,228919
"Vulpes_lagopus",0.0117,0,-82.375,68.5597,228920
"Vulpes_lagopus",0.0117,0,-133.901993,69.349983,228921
"Vulpes_lagopus",0.0117,0,-103.820557,69.746666,228927
"Vulpes_lagopus",0.0117,0,-93.60083,76.30278,228928
"Vulpes_lagopus",0.0117,0,-75.679802,78.752098,229484
"Vulpes_lagopus",0.0117,0,-93.504601,72.466698,229489
"Vulpes_lagopus",0.0117,0,-18.783199,74.542503,229885
"Vulpes_lagopus",0.0117,0,-18.793612,74.550552,229940
"Vulpes_lagopus",0.0117,0,-21.120832,74.109169,229942
"Vulpes_lagopus",0.0117,0,-20.774445,74.127777,229943
"Vulpes_lagopus",0.0117,0,-70.776665,78.214447,230120
"Vulpes_vulpes",0.0117,0,-113.099998,46.666668,162133
"Vulpes_vulpes",0.0117,0,-161.833328,67.966667,220460
"Vulpes_vulpes",0.0117,0,-75.607674,44.803844,221863
"Vulpes_vulpes",0.0117,0,-73.965363,45.317013,221970
"Vulpes_vulpes",0.0117,0,-73.965363,45.317013,224189
"Vulpes_vulpes",0.0117,0,-138.898331,69.573608,228443
"Vulpes_vulpes",0.0117,0,-63.864201,59.451099,228844
"Vulpes_vulpes",0.0117,0,-70.597702,64.0522,228919
"Vulpes_vulpes",0.0117,0,-133.901993,69.349983,228921
